Location,Latitude,Longitude,Crime Type,Time
Nehru Place,28.5494,77.251,Rape,20:38:28
Dwarka,28.5921,77.046,Murder,18:39:52
Preet Vihar,28.6367,77.2956,Chain Snatching,00:46:21
Vasant Kunj,28.5267,77.1559,Burglary,22:43:10
Patel Nagar,28.6517,77.1784,Assault,22:10:53
Vasant Kunj,28.5267,77.1559,Chain Snatching,09:40:54
Janakpuri,28.6216,77.0902,Robbery,20:04:51
Connaught Place,28.6315,77.2167,Pick Pocketing,07:18:37
Saket,28.5245,77.2066,Robbery,15:36:54
Preet Vihar,28.6367,77.2956,Rape,15:52:25
Model Town,28.709,77.1896,Chain Snatching,15:21:31
Nehru Place,28.5494,77.251,Assault,06:43:08
Model Town,28.709,77.1896,Rape,05:17:22
Saket,28.5245,77.2066,Pick Pocketing,18:08:46
Kalkaji,28.536,77.2619,Burglary,05:47:06
Rohini,28.7499,77.0565,Robbery,08:06:48
Greater Kailash,28.5487,77.2419,Rape,03:03:48
Greater Kailash,28.5487,77.2419,Burglary,09:43:55
Preet Vihar,28.6367,77.2956,Robbery,16:41:35
Karol Bagh,28.6516,77.1904,Murder,20:18:14
Lajpat Nagar,28.5687,77.243,Assault,18:31:23
Tilak Nagar,28.6353,77.0873,Theft,17:54:07
Greater Kailash,28.5487,77.2419,Assault,19:18:25
Tilak Nagar,28.6353,77.0873,Burglary,15:37:29
Model Town,28.709,77.1896,Assault,22:34:08
Nehru Place,28.5494,77.251,Robbery,10:26:15
Seelampur,28.6848,77.2775,Burglary,05:47:29
Rohini,28.7499,77.0565,Robbery,17:10:48
Preet Vihar,28.6367,77.2956,Rape,01:55:07
Dwarka,28.5921,77.046,Assault,00:03:34
Connaught Place,28.6315,77.2167,Burglary,07:11:48
Malviya Nagar,28.5369,77.21,Assault,05:22:54
Malviya Nagar,28.5369,77.21,Robbery,21:01:14
Vasant Kunj,28.5267,77.1559,Burglary,11:15:33
Malviya Nagar,28.5369,77.21,Rape,17:43:30
Greater Kailash,28.5487,77.2419,Pick Pocketing,07:06:31
Malviya Nagar,28.5369,77.21,Rape,22:17:05
Malviya Nagar,28.5369,77.21,Murder,02:37:54
Tilak Nagar,28.6353,77.0873,Pick Pocketing,15:14:40
Rajouri Garden,28.6411,77.1235,Rape,16:53:05
Preet Vihar,28.6367,77.2956,Robbery,21:32:28
Model Town,28.709,77.1896,Pick Pocketing,13:15:13
Vasant Kunj,28.5267,77.1559,Chain Snatching,12:25:39
Model Town,28.709,77.1896,Rape,01:00:17
Saket,28.5245,77.2066,Pick Pocketing,00:43:34
Dwarka,28.5921,77.046,Chain Snatching,07:05:17
Malviya Nagar,28.5369,77.21,Assault,13:42:41
Patel Nagar,28.6517,77.1784,Burglary,09:10:20
Tilak Nagar,28.6353,77.0873,Chain Snatching,15:55:52
Nehru Place,28.5494,77.251,Theft,01:17:26
Vasant Kunj,28.5267,77.1559,Assault,07:35:39
Karol Bagh,28.6516,77.1904,Chain Snatching,14:20:26
Kalkaji,28.536,77.2619,Pick Pocketing,15:40:24
Okhla,28.5243,77.2773,Assault,19:40:48
Shahdara,28.677,77.289,Pick Pocketing,10:10:30
Malviya Nagar,28.5369,77.21,Rape,23:56:15
Rohini,28.7499,77.0565,Pick Pocketing,23:14:09
Kalkaji,28.536,77.2619,Assault,23:26:02
Rohini,28.7499,77.0565,Murder,02:37:27
Shahdara,28.677,77.289,Burglary,15:59:31
Patel Nagar,28.6517,77.1784,Robbery,13:48:58
Tilak Nagar,28.6353,77.0873,Assault,18:36:09
Rohini,28.7499,77.0565,Murder,07:42:21
Karol Bagh,28.6516,77.1904,Assault,13:14:45
Nehru Place,28.5494,77.251,Theft,12:07:52
Preet Vihar,28.6367,77.2956,Robbery,08:33:42
Okhla,28.5243,77.2773,Pick Pocketing,10:18:00
Rajouri Garden,28.6411,77.1235,Chain Snatching,04:41:45
Malviya Nagar,28.5369,77.21,Murder,14:31:11
Shahdara,28.677,77.289,Chain Snatching,22:38:47
Saket,28.5245,77.2066,Robbery,07:49:24
Lajpat Nagar,28.5687,77.243,Theft,12:52:29
Model Town,28.709,77.1896,Assault,20:41:06
Tilak Nagar,28.6353,77.0873,Theft,16:25:38
Dwarka,28.5921,77.046,Robbery,02:16:56
Greater Kailash,28.5487,77.2419,Pick Pocketing,00:04:31
Okhla,28.5243,77.2773,Chain Snatching,09:25:41
Malviya Nagar,28.5369,77.21,Robbery,17:47:03
Kalkaji,28.536,77.2619,Assault,00:05:10
Greater Kailash,28.5487,77.2419,Chain Snatching,11:35:11
Karol Bagh,28.6516,77.1904,Pick Pocketing,11:39:56
Vasant Kunj,28.5267,77.1559,Assault,18:10:55
Kalkaji,28.536,77.2619,Burglary,09:51:34
Tilak Nagar,28.6353,77.0873,Chain Snatching,20:50:27
Tilak Nagar,28.6353,77.0873,Pick Pocketing,09:52:22
Vasant Kunj,28.5267,77.1559,Theft,22:46:16
Vasant Kunj,28.5267,77.1559,Pick Pocketing,00:06:17
Model Town,28.709,77.1896,Robbery,00:16:05
Dwarka,28.5921,77.046,Pick Pocketing,00:15:51
Tilak Nagar,28.6353,77.0873,Rape,10:18:36
Tilak Nagar,28.6353,77.0873,Rape,03:09:33
Karol Bagh,28.6516,77.1904,Theft,00:23:59
Tilak Nagar,28.6353,77.0873,Theft,21:35:42
Kalkaji,28.536,77.2619,Assault,02:13:57
Tilak Nagar,28.6353,77.0873,Chain Snatching,11:38:49
Model Town,28.709,77.1896,Burglary,09:25:43
Kalkaji,28.536,77.2619,Assault,12:29:44
Nehru Place,28.5494,77.251,Chain Snatching,21:09:18
Janakpuri,28.6216,77.0902,Theft,02:35:43
Malviya Nagar,28.5369,77.21,Assault,21:03:54
Rajouri Garden,28.6411,77.1235,Burglary,05:56:51
Vasant Kunj,28.5267,77.1559,Rape,23:47:10
Okhla,28.5243,77.2773,Murder,17:08:43
Shahdara,28.677,77.289,Rape,04:42:24
Malviya Nagar,28.5369,77.21,Theft,07:07:20
Lajpat Nagar,28.5687,77.243,Burglary,04:39:23
Kalkaji,28.536,77.2619,Rape,20:03:17
Preet Vihar,28.6367,77.2956,Rape,13:13:04
Rohini,28.7499,77.0565,Assault,12:56:14
Greater Kailash,28.5487,77.2419,Robbery,12:53:19
Greater Kailash,28.5487,77.2419,Chain Snatching,13:26:21
Greater Kailash,28.5487,77.2419,Assault,21:44:28
Dwarka,28.5921,77.046,Rape,04:51:21
Janakpuri,28.6216,77.0902,Rape,04:06:11
Lajpat Nagar,28.5687,77.243,Burglary,22:54:44
Model Town,28.709,77.1896,Pick Pocketing,11:47:29
Okhla,28.5243,77.2773,Robbery,22:02:32
Preet Vihar,28.6367,77.2956,Chain Snatching,18:29:11
Preet Vihar,28.6367,77.2956,Burglary,09:28:31
Model Town,28.709,77.1896,Pick Pocketing,19:40:19
Connaught Place,28.6315,77.2167,Pick Pocketing,14:26:07
Patel Nagar,28.6517,77.1784,Chain Snatching,16:57:42
Seelampur,28.6848,77.2775,Burglary,13:55:29
Dwarka,28.5921,77.046,Rape,11:04:46
Dwarka,28.5921,77.046,Chain Snatching,08:37:37
Janakpuri,28.6216,77.0902,Rape,01:50:02
Kalkaji,28.536,77.2619,Rape,22:06:31
Preet Vihar,28.6367,77.2956,Pick Pocketing,04:48:56
Karol Bagh,28.6516,77.1904,Burglary,01:37:04
Patel Nagar,28.6517,77.1784,Assault,06:25:14
Patel Nagar,28.6517,77.1784,Chain Snatching,11:14:00
Vasant Kunj,28.5267,77.1559,Murder,14:02:52
Patel Nagar,28.6517,77.1784,Chain Snatching,07:49:03
Rohini,28.7499,77.0565,Pick Pocketing,14:23:44
Dwarka,28.5921,77.046,Rape,10:15:18
Okhla,28.5243,77.2773,Murder,23:02:11
Shahdara,28.677,77.289,Theft,02:59:44
Tilak Nagar,28.6353,77.0873,Burglary,14:00:21
Saket,28.5245,77.2066,Rape,08:40:19
Janakpuri,28.6216,77.0902,Pick Pocketing,22:38:18
Malviya Nagar,28.5369,77.21,Chain Snatching,22:46:33
Dwarka,28.5921,77.046,Rape,14:13:48
Model Town,28.709,77.1896,Burglary,11:53:48
Okhla,28.5243,77.2773,Burglary,19:18:12
Tilak Nagar,28.6353,77.0873,Burglary,13:21:32
Malviya Nagar,28.5369,77.21,Murder,23:42:38
Tilak Nagar,28.6353,77.0873,Burglary,17:58:46
Model Town,28.709,77.1896,Burglary,00:38:52
Karol Bagh,28.6516,77.1904,Theft,23:56:03
Lajpat Nagar,28.5687,77.243,Rape,15:36:24
Patel Nagar,28.6517,77.1784,Murder,20:28:17
Connaught Place,28.6315,77.2167,Murder,23:35:03
Kalkaji,28.536,77.2619,Burglary,04:09:07
Rohini,28.7499,77.0565,Rape,02:58:39
Dwarka,28.5921,77.046,Burglary,11:39:41
Dwarka,28.5921,77.046,Murder,14:49:38
Karol Bagh,28.6516,77.1904,Rape,03:29:20
Rohini,28.7499,77.0565,Assault,21:27:48
Dwarka,28.5921,77.046,Burglary,15:10:14
Vasant Kunj,28.5267,77.1559,Assault,04:30:55
Nehru Place,28.5494,77.251,Murder,23:33:33
Saket,28.5245,77.2066,Pick Pocketing,19:39:32
Saket,28.5245,77.2066,Murder,10:22:11
Lajpat Nagar,28.5687,77.243,Assault,23:13:58
Malviya Nagar,28.5369,77.21,Chain Snatching,18:37:31
Malviya Nagar,28.5369,77.21,Burglary,03:15:27
Seelampur,28.6848,77.2775,Robbery,01:44:56
Malviya Nagar,28.5369,77.21,Pick Pocketing,05:24:18
Karol Bagh,28.6516,77.1904,Burglary,20:59:50
Saket,28.5245,77.2066,Chain Snatching,17:30:59
Shahdara,28.677,77.289,Robbery,06:49:00
Preet Vihar,28.6367,77.2956,Rape,12:55:55
Model Town,28.709,77.1896,Robbery,06:56:29
Rohini,28.7499,77.0565,Theft,19:28:44
Lajpat Nagar,28.5687,77.243,Assault,16:47:54
Rohini,28.7499,77.0565,Murder,14:58:59
Connaught Place,28.6315,77.2167,Rape,02:48:24
Shahdara,28.677,77.289,Burglary,05:00:40
Preet Vihar,28.6367,77.2956,Theft,04:21:21
Kalkaji,28.536,77.2619,Burglary,15:50:00
Malviya Nagar,28.5369,77.21,Rape,04:08:23
Saket,28.5245,77.2066,Assault,22:03:07
Tilak Nagar,28.6353,77.0873,Theft,11:51:58
Lajpat Nagar,28.5687,77.243,Burglary,08:25:44
Patel Nagar,28.6517,77.1784,Rape,05:18:54
Karol Bagh,28.6516,77.1904,Robbery,10:36:34
Seelampur,28.6848,77.2775,Assault,16:07:01
Tilak Nagar,28.6353,77.0873,Robbery,01:06:01
Janakpuri,28.6216,77.0902,Theft,12:49:23
Lajpat Nagar,28.5687,77.243,Chain Snatching,08:57:17
Lajpat Nagar,28.5687,77.243,Theft,00:58:13
Janakpuri,28.6216,77.0902,Assault,07:12:08
Okhla,28.5243,77.2773,Rape,07:00:32
Rohini,28.7499,77.0565,Rape,03:37:06
Model Town,28.709,77.1896,Burglary,04:30:50
Rajouri Garden,28.6411,77.1235,Pick Pocketing,20:36:50
Karol Bagh,28.6516,77.1904,Assault,01:44:47
Rohini,28.7499,77.0565,Pick Pocketing,05:15:03
Greater Kailash,28.5487,77.2419,Murder,17:06:50
Tilak Nagar,28.6353,77.0873,Chain Snatching,11:09:28
Dwarka,28.5921,77.046,Assault,10:46:28
Tilak Nagar,28.6353,77.0873,Burglary,12:00:46
Rohini,28.7499,77.0565,Murder,15:10:47
Rohini,28.7499,77.0565,Burglary,11:23:35
Model Town,28.709,77.1896,Burglary,06:20:47
Kalkaji,28.536,77.2619,Theft,19:28:02
Tilak Nagar,28.6353,77.0873,Murder,22:39:13
Lajpat Nagar,28.5687,77.243,Robbery,20:43:03
Model Town,28.709,77.1896,Chain Snatching,16:14:52
Dwarka,28.5921,77.046,Theft,10:13:34
Malviya Nagar,28.5369,77.21,Murder,07:44:58
Malviya Nagar,28.5369,77.21,Murder,07:38:44
Preet Vihar,28.6367,77.2956,Murder,03:07:06
Greater Kailash,28.5487,77.2419,Theft,11:57:24
Preet Vihar,28.6367,77.2956,Rape,14:37:26
Dwarka,28.5921,77.046,Theft,00:35:45
Greater Kailash,28.5487,77.2419,Robbery,23:15:05
Tilak Nagar,28.6353,77.0873,Pick Pocketing,03:51:21
Patel Nagar,28.6517,77.1784,Burglary,15:22:21
Saket,28.5245,77.2066,Assault,03:02:22
Preet Vihar,28.6367,77.2956,Rape,06:21:39
Karol Bagh,28.6516,77.1904,Assault,01:43:19
Greater Kailash,28.5487,77.2419,Rape,00:41:18
Patel Nagar,28.6517,77.1784,Murder,11:06:05
Greater Kailash,28.5487,77.2419,Rape,18:56:26
Dwarka,28.5921,77.046,Burglary,11:14:31
Model Town,28.709,77.1896,Burglary,08:31:13
Janakpuri,28.6216,77.0902,Pick Pocketing,13:53:40
Okhla,28.5243,77.2773,Robbery,07:17:51
Dwarka,28.5921,77.046,Theft,19:44:51
Janakpuri,28.6216,77.0902,Burglary,01:29:26
Preet Vihar,28.6367,77.2956,Robbery,06:05:37
Model Town,28.709,77.1896,Theft,01:01:54
Seelampur,28.6848,77.2775,Robbery,14:31:42
Shahdara,28.677,77.289,Rape,14:46:04
Tilak Nagar,28.6353,77.0873,Pick Pocketing,12:37:13
Vasant Kunj,28.5267,77.1559,Rape,15:21:19
Model Town,28.709,77.1896,Robbery,04:05:00
Karol Bagh,28.6516,77.1904,Assault,14:38:12
Malviya Nagar,28.5369,77.21,Rape,01:20:25
Karol Bagh,28.6516,77.1904,Burglary,19:22:23
Seelampur,28.6848,77.2775,Rape,15:55:53
Malviya Nagar,28.5369,77.21,Burglary,22:47:39
Karol Bagh,28.6516,77.1904,Robbery,14:51:08
Rohini,28.7499,77.0565,Burglary,08:26:21
Greater Kailash,28.5487,77.2419,Robbery,16:49:11
Karol Bagh,28.6516,77.1904,Murder,16:36:50
Greater Kailash,28.5487,77.2419,Theft,08:31:10
Okhla,28.5243,77.2773,Rape,09:31:43
Seelampur,28.6848,77.2775,Theft,10:27:35
Dwarka,28.5921,77.046,Theft,13:55:19
Nehru Place,28.5494,77.251,Theft,01:07:04
Greater Kailash,28.5487,77.2419,Theft,18:49:05
Janakpuri,28.6216,77.0902,Theft,04:09:01
Seelampur,28.6848,77.2775,Rape,03:27:04
Model Town,28.709,77.1896,Murder,22:45:29
Rohini,28.7499,77.0565,Assault,11:52:19
Malviya Nagar,28.5369,77.21,Robbery,05:50:26
Nehru Place,28.5494,77.251,Robbery,01:18:34
Model Town,28.709,77.1896,Rape,11:41:54
Dwarka,28.5921,77.046,Rape,14:05:48
Tilak Nagar,28.6353,77.0873,Robbery,04:35:23
Greater Kailash,28.5487,77.2419,Theft,13:45:50
Shahdara,28.677,77.289,Pick Pocketing,22:24:04
Malviya Nagar,28.5369,77.21,Rape,11:45:41
Connaught Place,28.6315,77.2167,Theft,15:52:55
Dwarka,28.5921,77.046,Burglary,14:38:32
Vasant Kunj,28.5267,77.1559,Pick Pocketing,06:30:35
Rajouri Garden,28.6411,77.1235,Assault,08:55:26
Malviya Nagar,28.5369,77.21,Robbery,15:01:23
Greater Kailash,28.5487,77.2419,Assault,05:22:40
Nehru Place,28.5494,77.251,Chain Snatching,16:00:32
Connaught Place,28.6315,77.2167,Robbery,14:05:00
Rohini,28.7499,77.0565,Pick Pocketing,03:40:09
Saket,28.5245,77.2066,Robbery,01:17:13
Patel Nagar,28.6517,77.1784,Robbery,07:41:09
Nehru Place,28.5494,77.251,Chain Snatching,15:49:25
Rohini,28.7499,77.0565,Assault,12:15:49
Dwarka,28.5921,77.046,Assault,05:31:55
Lajpat Nagar,28.5687,77.243,Robbery,23:03:44
Seelampur,28.6848,77.2775,Theft,07:08:36
Seelampur,28.6848,77.2775,Chain Snatching,04:33:06
Nehru Place,28.5494,77.251,Murder,07:22:45
Kalkaji,28.536,77.2619,Murder,17:35:48
Kalkaji,28.536,77.2619,Robbery,14:15:21
Model Town,28.709,77.1896,Chain Snatching,12:22:42
Kalkaji,28.536,77.2619,Pick Pocketing,23:10:27
Saket,28.5245,77.2066,Robbery,08:55:41
Patel Nagar,28.6517,77.1784,Pick Pocketing,19:39:23
Rajouri Garden,28.6411,77.1235,Assault,10:18:15
Malviya Nagar,28.5369,77.21,Assault,19:27:15
Saket,28.5245,77.2066,Murder,14:24:22
Connaught Place,28.6315,77.2167,Murder,16:18:30
Model Town,28.709,77.1896,Rape,07:44:45
Janakpuri,28.6216,77.0902,Pick Pocketing,18:53:06
Saket,28.5245,77.2066,Murder,14:58:07
Lajpat Nagar,28.5687,77.243,Murder,19:55:01
Tilak Nagar,28.6353,77.0873,Theft,08:18:35
Karol Bagh,28.6516,77.1904,Assault,19:18:31
Saket,28.5245,77.2066,Chain Snatching,13:55:21
Vasant Kunj,28.5267,77.1559,Chain Snatching,06:32:44
Greater Kailash,28.5487,77.2419,Chain Snatching,23:34:40
Dwarka,28.5921,77.046,Rape,08:13:25
Greater Kailash,28.5487,77.2419,Assault,20:35:40
Kalkaji,28.536,77.2619,Pick Pocketing,03:49:33
Greater Kailash,28.5487,77.2419,Chain Snatching,13:17:50
Saket,28.5245,77.2066,Robbery,06:49:31
Dwarka,28.5921,77.046,Theft,07:37:31
Saket,28.5245,77.2066,Pick Pocketing,14:03:47
Greater Kailash,28.5487,77.2419,Rape,16:06:57
Dwarka,28.5921,77.046,Robbery,12:37:31
Janakpuri,28.6216,77.0902,Theft,19:10:32
Connaught Place,28.6315,77.2167,Chain Snatching,22:59:29
Malviya Nagar,28.5369,77.21,Assault,22:38:24
Tilak Nagar,28.6353,77.0873,Chain Snatching,10:45:39
Malviya Nagar,28.5369,77.21,Theft,05:22:22
Saket,28.5245,77.2066,Murder,00:46:22
Rohini,28.7499,77.0565,Robbery,02:41:51
Rohini,28.7499,77.0565,Rape,05:50:33
Okhla,28.5243,77.2773,Rape,17:53:09
Rohini,28.7499,77.0565,Rape,02:57:19
Preet Vihar,28.6367,77.2956,Theft,03:23:25
Rohini,28.7499,77.0565,Robbery,14:30:31
Dwarka,28.5921,77.046,Burglary,11:48:27
Vasant Kunj,28.5267,77.1559,Chain Snatching,07:35:39
Seelampur,28.6848,77.2775,Assault,18:35:15
Preet Vihar,28.6367,77.2956,Murder,23:49:10
Janakpuri,28.6216,77.0902,Assault,10:29:51
Rohini,28.7499,77.0565,Assault,16:15:49
Shahdara,28.677,77.289,Burglary,02:48:14
Connaught Place,28.6315,77.2167,Robbery,17:21:33
Okhla,28.5243,77.2773,Theft,04:27:39
Connaught Place,28.6315,77.2167,Burglary,16:44:38
Okhla,28.5243,77.2773,Robbery,22:17:51
Dwarka,28.5921,77.046,Pick Pocketing,08:03:14
Tilak Nagar,28.6353,77.0873,Rape,12:16:49
Janakpuri,28.6216,77.0902,Theft,07:25:56
Patel Nagar,28.6517,77.1784,Assault,23:15:01
Okhla,28.5243,77.2773,Assault,15:30:22
Shahdara,28.677,77.289,Robbery,18:10:49
Lajpat Nagar,28.5687,77.243,Robbery,13:51:36
Janakpuri,28.6216,77.0902,Rape,17:26:24
Janakpuri,28.6216,77.0902,Chain Snatching,05:36:44
Shahdara,28.677,77.289,Rape,11:44:27
Nehru Place,28.5494,77.251,Chain Snatching,22:54:19
Malviya Nagar,28.5369,77.21,Murder,04:03:35
Greater Kailash,28.5487,77.2419,Robbery,17:17:26
Vasant Kunj,28.5267,77.1559,Assault,16:54:36
Malviya Nagar,28.5369,77.21,Rape,05:04:00
Karol Bagh,28.6516,77.1904,Theft,07:33:21
Greater Kailash,28.5487,77.2419,Rape,04:30:57
Karol Bagh,28.6516,77.1904,Assault,03:34:54
Okhla,28.5243,77.2773,Rape,21:43:26
Shahdara,28.677,77.289,Chain Snatching,13:02:50
Kalkaji,28.536,77.2619,Burglary,21:02:22
Shahdara,28.677,77.289,Robbery,03:31:03
Shahdara,28.677,77.289,Assault,02:47:45
Janakpuri,28.6216,77.0902,Assault,03:24:59
Karol Bagh,28.6516,77.1904,Robbery,18:58:24
Janakpuri,28.6216,77.0902,Rape,05:46:53
Greater Kailash,28.5487,77.2419,Rape,19:37:40
Connaught Place,28.6315,77.2167,Assault,19:19:54
Dwarka,28.5921,77.046,Assault,12:34:59
Nehru Place,28.5494,77.251,Burglary,03:41:51
Lajpat Nagar,28.5687,77.243,Theft,05:25:13
Greater Kailash,28.5487,77.2419,Chain Snatching,09:37:35
Nehru Place,28.5494,77.251,Rape,10:09:55
Connaught Place,28.6315,77.2167,Murder,11:20:09
Janakpuri,28.6216,77.0902,Murder,03:41:01
Rohini,28.7499,77.0565,Theft,08:39:32
Tilak Nagar,28.6353,77.0873,Burglary,20:25:30
Dwarka,28.5921,77.046,Assault,13:05:18
Connaught Place,28.6315,77.2167,Pick Pocketing,01:40:02
Connaught Place,28.6315,77.2167,Rape,07:12:37
Lajpat Nagar,28.5687,77.243,Rape,14:53:39
Shahdara,28.677,77.289,Burglary,01:26:18
Model Town,28.709,77.1896,Robbery,12:02:33
Malviya Nagar,28.5369,77.21,Robbery,17:01:01
Seelampur,28.6848,77.2775,Burglary,16:29:03
Dwarka,28.5921,77.046,Burglary,16:32:40
Patel Nagar,28.6517,77.1784,Burglary,05:35:44
Malviya Nagar,28.5369,77.21,Robbery,21:41:38
Patel Nagar,28.6517,77.1784,Assault,17:57:06
Shahdara,28.677,77.289,Assault,11:07:19
Connaught Place,28.6315,77.2167,Burglary,11:17:11
Janakpuri,28.6216,77.0902,Robbery,21:09:37
Model Town,28.709,77.1896,Assault,00:53:48
Malviya Nagar,28.5369,77.21,Robbery,21:24:53
Patel Nagar,28.6517,77.1784,Rape,04:13:27
Lajpat Nagar,28.5687,77.243,Theft,08:13:02
Connaught Place,28.6315,77.2167,Burglary,20:16:56
Greater Kailash,28.5487,77.2419,Pick Pocketing,11:28:29
Okhla,28.5243,77.2773,Chain Snatching,19:10:56
Patel Nagar,28.6517,77.1784,Burglary,13:47:04
Karol Bagh,28.6516,77.1904,Pick Pocketing,07:48:14
Okhla,28.5243,77.2773,Burglary,00:54:15
Seelampur,28.6848,77.2775,Theft,13:02:45
Karol Bagh,28.6516,77.1904,Murder,08:32:04
Rohini,28.7499,77.0565,Chain Snatching,19:49:14
Rajouri Garden,28.6411,77.1235,Burglary,01:20:06
Nehru Place,28.5494,77.251,Burglary,09:06:22
Preet Vihar,28.6367,77.2956,Robbery,16:41:44
Janakpuri,28.6216,77.0902,Burglary,20:30:43
Connaught Place,28.6315,77.2167,Assault,07:24:41
Patel Nagar,28.6517,77.1784,Theft,00:51:31
Malviya Nagar,28.5369,77.21,Assault,21:34:45
Greater Kailash,28.5487,77.2419,Chain Snatching,06:06:03
Karol Bagh,28.6516,77.1904,Burglary,13:50:09
Nehru Place,28.5494,77.251,Rape,05:48:58
Malviya Nagar,28.5369,77.21,Murder,00:43:00
Karol Bagh,28.6516,77.1904,Pick Pocketing,22:11:55
Okhla,28.5243,77.2773,Rape,11:24:35
Greater Kailash,28.5487,77.2419,Theft,21:01:35
Preet Vihar,28.6367,77.2956,Pick Pocketing,23:05:57
Rajouri Garden,28.6411,77.1235,Burglary,15:04:19
Okhla,28.5243,77.2773,Robbery,06:14:01
Rohini,28.7499,77.0565,Assault,08:31:16
Saket,28.5245,77.2066,Theft,08:16:09
Malviya Nagar,28.5369,77.21,Murder,05:11:20
Seelampur,28.6848,77.2775,Burglary,01:16:37
Vasant Kunj,28.5267,77.1559,Pick Pocketing,14:06:24
Seelampur,28.6848,77.2775,Pick Pocketing,06:49:07
Nehru Place,28.5494,77.251,Robbery,18:38:28
Seelampur,28.6848,77.2775,Theft,14:35:12
Rajouri Garden,28.6411,77.1235,Burglary,23:55:27
Rohini,28.7499,77.0565,Burglary,19:05:05
Okhla,28.5243,77.2773,Pick Pocketing,13:42:02
Malviya Nagar,28.5369,77.21,Chain Snatching,03:30:30
Vasant Kunj,28.5267,77.1559,Murder,23:35:08
Seelampur,28.6848,77.2775,Burglary,17:23:37
Kalkaji,28.536,77.2619,Theft,04:03:18
Shahdara,28.677,77.289,Rape,13:11:51
Greater Kailash,28.5487,77.2419,Rape,04:23:34
Rajouri Garden,28.6411,77.1235,Pick Pocketing,19:23:41
Saket,28.5245,77.2066,Pick Pocketing,19:57:57
Nehru Place,28.5494,77.251,Burglary,21:45:27
Preet Vihar,28.6367,77.2956,Murder,09:52:58
Janakpuri,28.6216,77.0902,Murder,21:30:05
Tilak Nagar,28.6353,77.0873,Murder,18:45:42
Karol Bagh,28.6516,77.1904,Murder,02:26:42
Model Town,28.709,77.1896,Rape,02:13:58
Rajouri Garden,28.6411,77.1235,Assault,23:56:54
Rohini,28.7499,77.0565,Pick Pocketing,09:35:21
Rohini,28.7499,77.0565,Burglary,19:16:49
Preet Vihar,28.6367,77.2956,Pick Pocketing,12:18:07
Malviya Nagar,28.5369,77.21,Burglary,04:21:52
Seelampur,28.6848,77.2775,Pick Pocketing,05:54:52
Preet Vihar,28.6367,77.2956,Pick Pocketing,06:16:52
Rajouri Garden,28.6411,77.1235,Pick Pocketing,15:17:53
Seelampur,28.6848,77.2775,Pick Pocketing,10:05:04
Shahdara,28.677,77.289,Murder,07:53:04
Seelampur,28.6848,77.2775,Rape,18:12:00
Karol Bagh,28.6516,77.1904,Chain Snatching,11:42:13
Lajpat Nagar,28.5687,77.243,Assault,16:28:53
Model Town,28.709,77.1896,Murder,15:52:04
Janakpuri,28.6216,77.0902,Chain Snatching,20:32:35
Greater Kailash,28.5487,77.2419,Murder,11:50:53
Seelampur,28.6848,77.2775,Pick Pocketing,22:54:00
Tilak Nagar,28.6353,77.0873,Burglary,10:33:43
Patel Nagar,28.6517,77.1784,Theft,14:58:26
Vasant Kunj,28.5267,77.1559,Rape,18:47:16
Lajpat Nagar,28.5687,77.243,Murder,21:33:51
Janakpuri,28.6216,77.0902,Pick Pocketing,21:30:50
Connaught Place,28.6315,77.2167,Assault,21:35:08
Janakpuri,28.6216,77.0902,Chain Snatching,08:13:29
Saket,28.5245,77.2066,Murder,19:19:43
Rohini,28.7499,77.0565,Assault,15:24:05
Tilak Nagar,28.6353,77.0873,Murder,21:24:33
Seelampur,28.6848,77.2775,Murder,05:13:15
Nehru Place,28.5494,77.251,Burglary,09:22:21
Tilak Nagar,28.6353,77.0873,Theft,14:52:55
Karol Bagh,28.6516,77.1904,Rape,17:54:19
Model Town,28.709,77.1896,Theft,14:20:18
Kalkaji,28.536,77.2619,Pick Pocketing,01:15:14
Vasant Kunj,28.5267,77.1559,Burglary,06:29:20
Lajpat Nagar,28.5687,77.243,Pick Pocketing,05:03:08
Greater Kailash,28.5487,77.2419,Robbery,06:15:38
Malviya Nagar,28.5369,77.21,Robbery,17:23:50
Rajouri Garden,28.6411,77.1235,Robbery,08:20:34
Dwarka,28.5921,77.046,Rape,21:13:34
Nehru Place,28.5494,77.251,Rape,23:43:50
Saket,28.5245,77.2066,Assault,19:03:13
Vasant Kunj,28.5267,77.1559,Murder,23:36:13
Vasant Kunj,28.5267,77.1559,Rape,23:29:15
Karol Bagh,28.6516,77.1904,Burglary,15:42:47
Rohini,28.7499,77.0565,Theft,18:05:16
Dwarka,28.5921,77.046,Assault,19:02:32
Saket,28.5245,77.2066,Assault,11:33:42
Malviya Nagar,28.5369,77.21,Rape,12:29:30
Lajpat Nagar,28.5687,77.243,Robbery,13:56:25
Preet Vihar,28.6367,77.2956,Chain Snatching,13:44:24
Vasant Kunj,28.5267,77.1559,Theft,00:25:23
Rohini,28.7499,77.0565,Theft,14:31:18
Lajpat Nagar,28.5687,77.243,Assault,02:04:09
Greater Kailash,28.5487,77.2419,Theft,06:12:53
Janakpuri,28.6216,77.0902,Assault,08:26:50
Patel Nagar,28.6517,77.1784,Murder,16:26:30
Rajouri Garden,28.6411,77.1235,Robbery,10:37:22
Rajouri Garden,28.6411,77.1235,Pick Pocketing,08:36:58
Kalkaji,28.536,77.2619,Murder,17:50:38
Greater Kailash,28.5487,77.2419,Pick Pocketing,12:25:12
Connaught Place,28.6315,77.2167,Assault,04:40:38
Dwarka,28.5921,77.046,Rape,15:48:52
Dwarka,28.5921,77.046,Chain Snatching,04:17:59
Model Town,28.709,77.1896,Robbery,00:07:55
Greater Kailash,28.5487,77.2419,Assault,23:13:13
Janakpuri,28.6216,77.0902,Murder,07:02:33
Rohini,28.7499,77.0565,Chain Snatching,19:46:23
Shahdara,28.677,77.289,Murder,00:11:16
Greater Kailash,28.5487,77.2419,Pick Pocketing,03:20:54
Kalkaji,28.536,77.2619,Burglary,09:26:40
Seelampur,28.6848,77.2775,Rape,00:49:14
Lajpat Nagar,28.5687,77.243,Burglary,07:01:55
Tilak Nagar,28.6353,77.0873,Burglary,18:20:38
Model Town,28.709,77.1896,Murder,13:24:34
Greater Kailash,28.5487,77.2419,Murder,19:05:36
Janakpuri,28.6216,77.0902,Assault,09:08:18
Connaught Place,28.6315,77.2167,Robbery,02:43:26
Okhla,28.5243,77.2773,Assault,12:46:36
Nehru Place,28.5494,77.251,Pick Pocketing,18:02:31
Malviya Nagar,28.5369,77.21,Robbery,07:17:35
Okhla,28.5243,77.2773,Assault,06:30:08
Rohini,28.7499,77.0565,Burglary,22:38:52
Model Town,28.709,77.1896,Theft,07:35:13
Tilak Nagar,28.6353,77.0873,Burglary,02:36:23
Connaught Place,28.6315,77.2167,Theft,03:38:39
Model Town,28.709,77.1896,Murder,17:55:43
Janakpuri,28.6216,77.0902,Pick Pocketing,14:28:55
Karol Bagh,28.6516,77.1904,Murder,15:44:41
Dwarka,28.5921,77.046,Theft,09:39:34
Lajpat Nagar,28.5687,77.243,Robbery,10:52:28
Okhla,28.5243,77.2773,Rape,06:07:01
Connaught Place,28.6315,77.2167,Robbery,10:25:33
Seelampur,28.6848,77.2775,Murder,07:13:37
Janakpuri,28.6216,77.0902,Murder,02:56:16
Shahdara,28.677,77.289,Assault,14:17:42
Shahdara,28.677,77.289,Assault,15:26:50
Patel Nagar,28.6517,77.1784,Murder,16:57:16
Karol Bagh,28.6516,77.1904,Rape,19:15:05
Janakpuri,28.6216,77.0902,Assault,15:26:44
Patel Nagar,28.6517,77.1784,Robbery,19:16:17
Vasant Kunj,28.5267,77.1559,Burglary,05:04:19
Kalkaji,28.536,77.2619,Rape,14:07:31
Patel Nagar,28.6517,77.1784,Theft,18:21:55
Greater Kailash,28.5487,77.2419,Theft,07:49:56
Vasant Kunj,28.5267,77.1559,Burglary,06:06:24
Rohini,28.7499,77.0565,Robbery,07:37:49
Vasant Kunj,28.5267,77.1559,Burglary,00:36:21
Patel Nagar,28.6517,77.1784,Pick Pocketing,18:20:04
Kalkaji,28.536,77.2619,Rape,23:51:50
Saket,28.5245,77.2066,Pick Pocketing,04:33:32
Malviya Nagar,28.5369,77.21,Murder,03:18:20
Seelampur,28.6848,77.2775,Rape,18:19:42
Malviya Nagar,28.5369,77.21,Assault,19:25:46
Malviya Nagar,28.5369,77.21,Assault,04:12:56
Tilak Nagar,28.6353,77.0873,Theft,12:34:24
Nehru Place,28.5494,77.251,Murder,07:02:36
Rohini,28.7499,77.0565,Robbery,00:02:11
Greater Kailash,28.5487,77.2419,Murder,10:08:19
Shahdara,28.677,77.289,Robbery,05:12:28
Okhla,28.5243,77.2773,Assault,11:05:10
Connaught Place,28.6315,77.2167,Theft,19:03:07
Dwarka,28.5921,77.046,Theft,16:36:57
Malviya Nagar,28.5369,77.21,Assault,02:45:49
Saket,28.5245,77.2066,Theft,05:01:00
Tilak Nagar,28.6353,77.0873,Rape,11:08:34
Model Town,28.709,77.1896,Rape,05:44:26
Rajouri Garden,28.6411,77.1235,Theft,17:32:02
Rajouri Garden,28.6411,77.1235,Burglary,23:59:36
Nehru Place,28.5494,77.251,Murder,18:40:42
Tilak Nagar,28.6353,77.0873,Rape,15:22:28
Tilak Nagar,28.6353,77.0873,Assault,13:50:37
Nehru Place,28.5494,77.251,Robbery,19:04:51
Shahdara,28.677,77.289,Chain Snatching,21:31:48
Saket,28.5245,77.2066,Pick Pocketing,13:24:18
Saket,28.5245,77.2066,Chain Snatching,19:55:31
Model Town,28.709,77.1896,Pick Pocketing,19:49:48
Saket,28.5245,77.2066,Chain Snatching,10:50:24
Saket,28.5245,77.2066,Burglary,08:26:40
Rajouri Garden,28.6411,77.1235,Murder,04:50:49
Saket,28.5245,77.2066,Theft,10:45:38
Patel Nagar,28.6517,77.1784,Rape,19:50:26
Malviya Nagar,28.5369,77.21,Robbery,19:00:39
Kalkaji,28.536,77.2619,Pick Pocketing,13:21:08
Dwarka,28.5921,77.046,Assault,01:08:57
Model Town,28.709,77.1896,Burglary,11:05:17
Janakpuri,28.6216,77.0902,Rape,16:35:13
Seelampur,28.6848,77.2775,Chain Snatching,18:31:31
Rajouri Garden,28.6411,77.1235,Murder,06:49:36
Rajouri Garden,28.6411,77.1235,Assault,00:14:08
Seelampur,28.6848,77.2775,Rape,11:43:50
Nehru Place,28.5494,77.251,Theft,20:17:27
Nehru Place,28.5494,77.251,Assault,09:14:33
Vasant Kunj,28.5267,77.1559,Burglary,07:36:44
Greater Kailash,28.5487,77.2419,Theft,19:00:42
Kalkaji,28.536,77.2619,Chain Snatching,14:18:12
Model Town,28.709,77.1896,Pick Pocketing,03:04:18
Greater Kailash,28.5487,77.2419,Murder,05:44:08
Lajpat Nagar,28.5687,77.243,Theft,13:40:13
Karol Bagh,28.6516,77.1904,Chain Snatching,23:18:24
Greater Kailash,28.5487,77.2419,Robbery,18:40:46
Nehru Place,28.5494,77.251,Murder,10:08:58
Okhla,28.5243,77.2773,Rape,00:03:06
Patel Nagar,28.6517,77.1784,Theft,10:21:30
Patel Nagar,28.6517,77.1784,Robbery,07:44:53
Okhla,28.5243,77.2773,Chain Snatching,17:54:00
Nehru Place,28.5494,77.251,Theft,01:44:28
Seelampur,28.6848,77.2775,Assault,23:47:17
Janakpuri,28.6216,77.0902,Assault,02:27:00
Shahdara,28.677,77.289,Chain Snatching,03:30:13
Preet Vihar,28.6367,77.2956,Chain Snatching,04:40:00
Nehru Place,28.5494,77.251,Murder,13:35:09
Preet Vihar,28.6367,77.2956,Chain Snatching,20:45:18
Saket,28.5245,77.2066,Robbery,03:19:56
Model Town,28.709,77.1896,Rape,14:22:49
Seelampur,28.6848,77.2775,Chain Snatching,00:03:15
Saket,28.5245,77.2066,Burglary,03:37:56
Preet Vihar,28.6367,77.2956,Theft,06:55:11
Kalkaji,28.536,77.2619,Chain Snatching,11:39:18
Rajouri Garden,28.6411,77.1235,Murder,15:51:09
Lajpat Nagar,28.5687,77.243,Chain Snatching,13:31:06
Dwarka,28.5921,77.046,Pick Pocketing,20:07:10
Nehru Place,28.5494,77.251,Murder,15:46:38
Vasant Kunj,28.5267,77.1559,Murder,22:11:54
Malviya Nagar,28.5369,77.21,Assault,03:27:31
Tilak Nagar,28.6353,77.0873,Chain Snatching,18:35:14
Janakpuri,28.6216,77.0902,Burglary,20:37:41
Malviya Nagar,28.5369,77.21,Robbery,00:10:46
Lajpat Nagar,28.5687,77.243,Chain Snatching,02:37:13
Okhla,28.5243,77.2773,Assault,00:57:10
Karol Bagh,28.6516,77.1904,Assault,15:40:38
Patel Nagar,28.6517,77.1784,Chain Snatching,02:10:06
Malviya Nagar,28.5369,77.21,Theft,19:56:26
Karol Bagh,28.6516,77.1904,Robbery,20:46:23
Seelampur,28.6848,77.2775,Robbery,07:47:22
Malviya Nagar,28.5369,77.21,Assault,07:29:54
Greater Kailash,28.5487,77.2419,Assault,17:56:13
Rohini,28.7499,77.0565,Chain Snatching,08:49:07
Karol Bagh,28.6516,77.1904,Pick Pocketing,19:00:41
Patel Nagar,28.6517,77.1784,Pick Pocketing,06:01:15
Janakpuri,28.6216,77.0902,Robbery,06:57:08
Malviya Nagar,28.5369,77.21,Theft,02:55:10
Lajpat Nagar,28.5687,77.243,Rape,03:30:37
Model Town,28.709,77.1896,Theft,08:37:07
Okhla,28.5243,77.2773,Robbery,14:35:41
Nehru Place,28.5494,77.251,Chain Snatching,22:37:48
Karol Bagh,28.6516,77.1904,Assault,13:55:56
Connaught Place,28.6315,77.2167,Robbery,06:32:20
Seelampur,28.6848,77.2775,Murder,19:51:32
Saket,28.5245,77.2066,Murder,07:31:38
Rohini,28.7499,77.0565,Rape,04:07:45
Rajouri Garden,28.6411,77.1235,Burglary,20:05:56
Okhla,28.5243,77.2773,Robbery,14:33:02
Tilak Nagar,28.6353,77.0873,Pick Pocketing,08:22:50
Seelampur,28.6848,77.2775,Theft,06:55:32
Seelampur,28.6848,77.2775,Burglary,11:12:11
Shahdara,28.677,77.289,Chain Snatching,04:02:22
Seelampur,28.6848,77.2775,Robbery,13:21:35
Shahdara,28.677,77.289,Rape,06:58:27
Vasant Kunj,28.5267,77.1559,Theft,03:52:19
Saket,28.5245,77.2066,Robbery,05:52:40
Greater Kailash,28.5487,77.2419,Burglary,13:53:56
Malviya Nagar,28.5369,77.21,Rape,12:59:54
Model Town,28.709,77.1896,Theft,08:17:34
Greater Kailash,28.5487,77.2419,Robbery,21:31:49
Shahdara,28.677,77.289,Chain Snatching,13:30:43
Shahdara,28.677,77.289,Theft,00:45:26
Rohini,28.7499,77.0565,Burglary,21:37:14
Saket,28.5245,77.2066,Assault,06:55:12
Malviya Nagar,28.5369,77.21,Murder,20:43:29
Malviya Nagar,28.5369,77.21,Burglary,17:19:39
Seelampur,28.6848,77.2775,Rape,17:09:36
Rajouri Garden,28.6411,77.1235,Theft,20:07:16
Janakpuri,28.6216,77.0902,Theft,03:21:46
Greater Kailash,28.5487,77.2419,Chain Snatching,21:37:22
Saket,28.5245,77.2066,Theft,00:02:42
Karol Bagh,28.6516,77.1904,Murder,09:04:30
Patel Nagar,28.6517,77.1784,Pick Pocketing,11:51:10
Saket,28.5245,77.2066,Robbery,18:28:50
Dwarka,28.5921,77.046,Pick Pocketing,13:54:32
Vasant Kunj,28.5267,77.1559,Burglary,11:59:35
Rajouri Garden,28.6411,77.1235,Chain Snatching,14:36:17
Preet Vihar,28.6367,77.2956,Pick Pocketing,08:57:10
Greater Kailash,28.5487,77.2419,Rape,17:59:43
Tilak Nagar,28.6353,77.0873,Murder,05:29:22
Preet Vihar,28.6367,77.2956,Murder,00:37:17
Karol Bagh,28.6516,77.1904,Assault,14:13:28
Kalkaji,28.536,77.2619,Chain Snatching,20:56:38
Model Town,28.709,77.1896,Chain Snatching,21:06:21
Model Town,28.709,77.1896,Murder,21:29:01
Patel Nagar,28.6517,77.1784,Robbery,17:15:51
Tilak Nagar,28.6353,77.0873,Assault,16:01:31
Preet Vihar,28.6367,77.2956,Burglary,21:42:36
Connaught Place,28.6315,77.2167,Pick Pocketing,07:47:28
Model Town,28.709,77.1896,Robbery,15:07:50
Patel Nagar,28.6517,77.1784,Rape,16:40:42
Rajouri Garden,28.6411,77.1235,Murder,19:51:20
Preet Vihar,28.6367,77.2956,Chain Snatching,14:45:18
Seelampur,28.6848,77.2775,Chain Snatching,14:55:43
Tilak Nagar,28.6353,77.0873,Robbery,04:40:01
Malviya Nagar,28.5369,77.21,Murder,20:01:14
Tilak Nagar,28.6353,77.0873,Rape,21:51:51
Model Town,28.709,77.1896,Robbery,14:17:38
Janakpuri,28.6216,77.0902,Assault,16:57:29
Lajpat Nagar,28.5687,77.243,Murder,18:17:42
Lajpat Nagar,28.5687,77.243,Rape,08:37:37
Malviya Nagar,28.5369,77.21,Pick Pocketing,07:36:14
Preet Vihar,28.6367,77.2956,Chain Snatching,22:38:35
Lajpat Nagar,28.5687,77.243,Murder,16:44:00
Rajouri Garden,28.6411,77.1235,Rape,11:58:50
Preet Vihar,28.6367,77.2956,Rape,14:45:37
Seelampur,28.6848,77.2775,Chain Snatching,19:37:58
Saket,28.5245,77.2066,Pick Pocketing,18:02:50
Saket,28.5245,77.2066,Murder,22:34:44
Saket,28.5245,77.2066,Robbery,17:02:56
Malviya Nagar,28.5369,77.21,Rape,19:05:06
Greater Kailash,28.5487,77.2419,Robbery,19:16:36
Rohini,28.7499,77.0565,Burglary,22:26:25
Patel Nagar,28.6517,77.1784,Assault,18:06:51
Rohini,28.7499,77.0565,Burglary,21:10:01
Rohini,28.7499,77.0565,Chain Snatching,12:24:07
Vasant Kunj,28.5267,77.1559,Pick Pocketing,18:47:41
Model Town,28.709,77.1896,Chain Snatching,22:11:33
Janakpuri,28.6216,77.0902,Burglary,13:20:25
Kalkaji,28.536,77.2619,Murder,10:23:35
Tilak Nagar,28.6353,77.0873,Burglary,19:17:37
Rajouri Garden,28.6411,77.1235,Murder,00:12:20
Janakpuri,28.6216,77.0902,Murder,00:31:38
Karol Bagh,28.6516,77.1904,Chain Snatching,08:37:20
Connaught Place,28.6315,77.2167,Robbery,04:54:10
Kalkaji,28.536,77.2619,Rape,10:21:56
Tilak Nagar,28.6353,77.0873,Burglary,00:00:22
Connaught Place,28.6315,77.2167,Chain Snatching,15:40:12
Nehru Place,28.5494,77.251,Theft,12:25:33
Patel Nagar,28.6517,77.1784,Murder,16:47:25
Vasant Kunj,28.5267,77.1559,Pick Pocketing,17:03:38
Greater Kailash,28.5487,77.2419,Pick Pocketing,09:18:40
Tilak Nagar,28.6353,77.0873,Pick Pocketing,12:05:17
Connaught Place,28.6315,77.2167,Burglary,16:55:09
Lajpat Nagar,28.5687,77.243,Theft,23:27:33
Rajouri Garden,28.6411,77.1235,Robbery,10:20:11
Tilak Nagar,28.6353,77.0873,Robbery,09:32:55
Kalkaji,28.536,77.2619,Burglary,18:35:18
Karol Bagh,28.6516,77.1904,Theft,19:15:54
Okhla,28.5243,77.2773,Assault,09:33:46
Okhla,28.5243,77.2773,Rape,22:08:38
Model Town,28.709,77.1896,Assault,08:44:35
Rajouri Garden,28.6411,77.1235,Robbery,18:32:21
Patel Nagar,28.6517,77.1784,Assault,16:31:11
Lajpat Nagar,28.5687,77.243,Rape,07:29:56
Nehru Place,28.5494,77.251,Murder,18:36:41
Preet Vihar,28.6367,77.2956,Assault,07:13:15
Patel Nagar,28.6517,77.1784,Assault,12:12:04
Nehru Place,28.5494,77.251,Theft,22:01:16
Dwarka,28.5921,77.046,Murder,07:01:30
Connaught Place,28.6315,77.2167,Pick Pocketing,09:57:51
Vasant Kunj,28.5267,77.1559,Chain Snatching,03:39:59
Karol Bagh,28.6516,77.1904,Assault,04:44:14
Dwarka,28.5921,77.046,Chain Snatching,10:19:02
Janakpuri,28.6216,77.0902,Rape,13:36:09
Dwarka,28.5921,77.046,Murder,16:29:25
Seelampur,28.6848,77.2775,Chain Snatching,22:57:29
Saket,28.5245,77.2066,Chain Snatching,18:54:53
Shahdara,28.677,77.289,Assault,22:11:44
Connaught Place,28.6315,77.2167,Theft,17:44:49
Malviya Nagar,28.5369,77.21,Pick Pocketing,07:04:03
Preet Vihar,28.6367,77.2956,Robbery,01:33:28
Greater Kailash,28.5487,77.2419,Theft,23:56:11
Model Town,28.709,77.1896,Theft,01:14:12
Patel Nagar,28.6517,77.1784,Pick Pocketing,20:52:08
Janakpuri,28.6216,77.0902,Rape,04:08:10
Janakpuri,28.6216,77.0902,Burglary,06:47:34
Malviya Nagar,28.5369,77.21,Pick Pocketing,14:00:01
Lajpat Nagar,28.5687,77.243,Robbery,16:59:42
Greater Kailash,28.5487,77.2419,Assault,03:43:45
Malviya Nagar,28.5369,77.21,Rape,08:31:15
Tilak Nagar,28.6353,77.0873,Pick Pocketing,06:15:46
Connaught Place,28.6315,77.2167,Burglary,11:23:44
Shahdara,28.677,77.289,Theft,11:44:14
Shahdara,28.677,77.289,Rape,00:07:58
Janakpuri,28.6216,77.0902,Chain Snatching,21:09:43
Preet Vihar,28.6367,77.2956,Robbery,18:38:14
Greater Kailash,28.5487,77.2419,Theft,16:32:31
Patel Nagar,28.6517,77.1784,Pick Pocketing,17:07:31
Rajouri Garden,28.6411,77.1235,Assault,01:59:46
Rajouri Garden,28.6411,77.1235,Burglary,20:35:38
Janakpuri,28.6216,77.0902,Assault,15:58:46
Karol Bagh,28.6516,77.1904,Theft,03:24:02
Seelampur,28.6848,77.2775,Murder,19:01:41
Shahdara,28.677,77.289,Robbery,05:38:44
Shahdara,28.677,77.289,Chain Snatching,10:17:44
Vasant Kunj,28.5267,77.1559,Pick Pocketing,21:27:01
Preet Vihar,28.6367,77.2956,Rape,09:26:12
Nehru Place,28.5494,77.251,Theft,18:18:02
Lajpat Nagar,28.5687,77.243,Robbery,09:59:07
Rajouri Garden,28.6411,77.1235,Theft,23:57:55
Lajpat Nagar,28.5687,77.243,Chain Snatching,23:56:56
Preet Vihar,28.6367,77.2956,Burglary,15:10:53
Malviya Nagar,28.5369,77.21,Chain Snatching,11:40:28
Seelampur,28.6848,77.2775,Theft,09:28:23
Janakpuri,28.6216,77.0902,Chain Snatching,11:26:04
Lajpat Nagar,28.5687,77.243,Robbery,06:41:55
Nehru Place,28.5494,77.251,Murder,23:24:30
Shahdara,28.677,77.289,Assault,18:26:52
Janakpuri,28.6216,77.0902,Theft,11:29:40
Okhla,28.5243,77.2773,Theft,03:35:57
Karol Bagh,28.6516,77.1904,Chain Snatching,18:17:09
Rohini,28.7499,77.0565,Burglary,04:29:03
Seelampur,28.6848,77.2775,Theft,20:02:00
Tilak Nagar,28.6353,77.0873,Chain Snatching,21:03:24
Nehru Place,28.5494,77.251,Burglary,11:01:18
Rohini,28.7499,77.0565,Burglary,11:26:12
Okhla,28.5243,77.2773,Murder,13:49:12
Shahdara,28.677,77.289,Robbery,03:57:45
Rajouri Garden,28.6411,77.1235,Assault,02:34:01
Okhla,28.5243,77.2773,Rape,14:18:58
Okhla,28.5243,77.2773,Chain Snatching,11:30:13
Connaught Place,28.6315,77.2167,Pick Pocketing,12:15:31
Shahdara,28.677,77.289,Rape,23:39:55
Connaught Place,28.6315,77.2167,Pick Pocketing,21:43:06
Malviya Nagar,28.5369,77.21,Murder,20:36:04
Rohini,28.7499,77.0565,Chain Snatching,01:09:17
Malviya Nagar,28.5369,77.21,Chain Snatching,22:40:22
Preet Vihar,28.6367,77.2956,Theft,17:38:48
Okhla,28.5243,77.2773,Assault,01:28:12
Greater Kailash,28.5487,77.2419,Assault,09:11:43
Tilak Nagar,28.6353,77.0873,Theft,14:44:26
Dwarka,28.5921,77.046,Pick Pocketing,05:23:45
Patel Nagar,28.6517,77.1784,Robbery,05:11:40
Okhla,28.5243,77.2773,Murder,14:56:10
Okhla,28.5243,77.2773,Theft,18:58:13
Seelampur,28.6848,77.2775,Rape,19:34:45
Connaught Place,28.6315,77.2167,Chain Snatching,19:38:02
Janakpuri,28.6216,77.0902,Rape,18:55:00
Connaught Place,28.6315,77.2167,Pick Pocketing,03:01:53
Model Town,28.709,77.1896,Theft,01:33:25
Patel Nagar,28.6517,77.1784,Murder,22:02:33
Saket,28.5245,77.2066,Assault,07:32:27
Saket,28.5245,77.2066,Chain Snatching,06:31:44
Tilak Nagar,28.6353,77.0873,Robbery,17:06:30
Model Town,28.709,77.1896,Burglary,04:30:06
Rajouri Garden,28.6411,77.1235,Theft,02:52:43
Shahdara,28.677,77.289,Assault,00:43:51
Model Town,28.709,77.1896,Robbery,10:12:09
Dwarka,28.5921,77.046,Chain Snatching,14:12:14
Rohini,28.7499,77.0565,Assault,14:32:27
Malviya Nagar,28.5369,77.21,Rape,06:58:07
Shahdara,28.677,77.289,Theft,15:21:51
Patel Nagar,28.6517,77.1784,Pick Pocketing,16:41:52
Malviya Nagar,28.5369,77.21,Assault,23:15:41
Vasant Kunj,28.5267,77.1559,Theft,07:57:51
Nehru Place,28.5494,77.251,Assault,00:56:00
Karol Bagh,28.6516,77.1904,Burglary,05:31:45
Malviya Nagar,28.5369,77.21,Chain Snatching,13:32:44
Vasant Kunj,28.5267,77.1559,Burglary,05:55:45
Vasant Kunj,28.5267,77.1559,Robbery,15:13:58
Kalkaji,28.536,77.2619,Rape,18:39:52
Rajouri Garden,28.6411,77.1235,Theft,23:45:50
Vasant Kunj,28.5267,77.1559,Rape,18:24:26
Model Town,28.709,77.1896,Assault,02:26:33
Okhla,28.5243,77.2773,Chain Snatching,09:35:00
Lajpat Nagar,28.5687,77.243,Theft,14:56:14
Rohini,28.7499,77.0565,Assault,00:58:13
Greater Kailash,28.5487,77.2419,Assault,07:03:24
Connaught Place,28.6315,77.2167,Theft,07:23:31
Patel Nagar,28.6517,77.1784,Murder,05:59:02
Rajouri Garden,28.6411,77.1235,Rape,18:39:20
Rohini,28.7499,77.0565,Rape,12:43:29
Okhla,28.5243,77.2773,Rape,02:58:52
Model Town,28.709,77.1896,Assault,02:07:44
Okhla,28.5243,77.2773,Burglary,06:14:57
Connaught Place,28.6315,77.2167,Pick Pocketing,15:27:32
Shahdara,28.677,77.289,Burglary,09:24:10
Lajpat Nagar,28.5687,77.243,Murder,23:18:50
Vasant Kunj,28.5267,77.1559,Pick Pocketing,22:00:17
Shahdara,28.677,77.289,Chain Snatching,01:52:22
Connaught Place,28.6315,77.2167,Murder,18:32:38
Karol Bagh,28.6516,77.1904,Rape,07:18:45
Saket,28.5245,77.2066,Theft,22:06:50
Kalkaji,28.536,77.2619,Chain Snatching,12:38:59
Seelampur,28.6848,77.2775,Chain Snatching,20:33:29
Shahdara,28.677,77.289,Assault,19:52:08
Karol Bagh,28.6516,77.1904,Burglary,05:36:03
Karol Bagh,28.6516,77.1904,Murder,16:00:28
Shahdara,28.677,77.289,Pick Pocketing,00:04:21
Saket,28.5245,77.2066,Murder,01:47:55
Tilak Nagar,28.6353,77.0873,Murder,21:09:05
Tilak Nagar,28.6353,77.0873,Murder,08:04:16
Connaught Place,28.6315,77.2167,Robbery,20:55:50
Connaught Place,28.6315,77.2167,Rape,04:58:18
Rajouri Garden,28.6411,77.1235,Murder,23:20:29
Preet Vihar,28.6367,77.2956,Chain Snatching,03:16:37
Karol Bagh,28.6516,77.1904,Murder,14:14:38
Patel Nagar,28.6517,77.1784,Chain Snatching,10:22:59
Saket,28.5245,77.2066,Assault,09:00:45
Malviya Nagar,28.5369,77.21,Assault,16:33:42
Rohini,28.7499,77.0565,Rape,09:38:05
Lajpat Nagar,28.5687,77.243,Burglary,11:34:14
Greater Kailash,28.5487,77.2419,Chain Snatching,16:15:31
Saket,28.5245,77.2066,Chain Snatching,15:25:41
Saket,28.5245,77.2066,Rape,17:35:10
Vasant Kunj,28.5267,77.1559,Rape,07:15:32
Lajpat Nagar,28.5687,77.243,Theft,10:52:52
Rajouri Garden,28.6411,77.1235,Robbery,03:55:59
Malviya Nagar,28.5369,77.21,Burglary,17:34:41
Karol Bagh,28.6516,77.1904,Theft,14:16:19
Nehru Place,28.5494,77.251,Murder,01:22:58
Connaught Place,28.6315,77.2167,Rape,13:22:29
Model Town,28.709,77.1896,Robbery,21:25:35
Dwarka,28.5921,77.046,Rape,01:57:52
Dwarka,28.5921,77.046,Theft,13:53:53
Model Town,28.709,77.1896,Pick Pocketing,14:08:00
Karol Bagh,28.6516,77.1904,Robbery,14:09:30
Connaught Place,28.6315,77.2167,Burglary,08:22:07
Seelampur,28.6848,77.2775,Assault,14:29:20
Preet Vihar,28.6367,77.2956,Rape,01:03:44
Kalkaji,28.536,77.2619,Chain Snatching,13:48:21
Tilak Nagar,28.6353,77.0873,Murder,18:29:06
Connaught Place,28.6315,77.2167,Theft,18:34:47
Patel Nagar,28.6517,77.1784,Pick Pocketing,17:03:52
Janakpuri,28.6216,77.0902,Robbery,10:53:38
Karol Bagh,28.6516,77.1904,Murder,22:26:18
Patel Nagar,28.6517,77.1784,Theft,20:56:26
Preet Vihar,28.6367,77.2956,Burglary,16:39:20
Preet Vihar,28.6367,77.2956,Robbery,17:52:40
Tilak Nagar,28.6353,77.0873,Robbery,03:55:44
Lajpat Nagar,28.5687,77.243,Pick Pocketing,11:48:58
Okhla,28.5243,77.2773,Theft,19:10:25
Shahdara,28.677,77.289,Robbery,06:19:40
Model Town,28.709,77.1896,Robbery,06:19:46
Nehru Place,28.5494,77.251,Murder,11:57:28
Rohini,28.7499,77.0565,Theft,06:38:00
Patel Nagar,28.6517,77.1784,Chain Snatching,15:39:42
Janakpuri,28.6216,77.0902,Assault,23:42:09
Preet Vihar,28.6367,77.2956,Assault,15:09:17
Okhla,28.5243,77.2773,Chain Snatching,01:18:29
Preet Vihar,28.6367,77.2956,Burglary,04:19:03
Rohini,28.7499,77.0565,Assault,14:06:59
Preet Vihar,28.6367,77.2956,Chain Snatching,20:39:17
Model Town,28.709,77.1896,Murder,03:36:51
Karol Bagh,28.6516,77.1904,Rape,18:47:35
Model Town,28.709,77.1896,Theft,07:22:42
Nehru Place,28.5494,77.251,Chain Snatching,06:09:28
Tilak Nagar,28.6353,77.0873,Murder,21:13:20
Lajpat Nagar,28.5687,77.243,Theft,05:48:48
Okhla,28.5243,77.2773,Chain Snatching,21:29:49
Patel Nagar,28.6517,77.1784,Burglary,00:36:42
Okhla,28.5243,77.2773,Robbery,05:25:09
Rohini,28.7499,77.0565,Burglary,21:40:40
Nehru Place,28.5494,77.251,Robbery,03:58:51
Shahdara,28.677,77.289,Burglary,08:23:30
Dwarka,28.5921,77.046,Burglary,17:13:49
Tilak Nagar,28.6353,77.0873,Murder,14:22:26
Karol Bagh,28.6516,77.1904,Assault,11:38:16
Okhla,28.5243,77.2773,Chain Snatching,10:47:47
Dwarka,28.5921,77.046,Rape,23:47:52
Karol Bagh,28.6516,77.1904,Assault,17:28:21
Seelampur,28.6848,77.2775,Murder,19:44:16
Rajouri Garden,28.6411,77.1235,Pick Pocketing,15:14:54
Kalkaji,28.536,77.2619,Burglary,11:55:45
Vasant Kunj,28.5267,77.1559,Pick Pocketing,11:53:27
Vasant Kunj,28.5267,77.1559,Burglary,12:11:12
Greater Kailash,28.5487,77.2419,Theft,20:08:56
Vasant Kunj,28.5267,77.1559,Theft,06:13:37
Connaught Place,28.6315,77.2167,Burglary,10:22:22
Model Town,28.709,77.1896,Burglary,03:57:51
Shahdara,28.677,77.289,Theft,11:05:56
Preet Vihar,28.6367,77.2956,Theft,18:17:23
Connaught Place,28.6315,77.2167,Rape,19:41:36
Greater Kailash,28.5487,77.2419,Assault,21:01:14
Rajouri Garden,28.6411,77.1235,Theft,20:01:31
Kalkaji,28.536,77.2619,Burglary,17:18:52
Preet Vihar,28.6367,77.2956,Murder,15:26:03
Shahdara,28.677,77.289,Chain Snatching,02:56:39
Tilak Nagar,28.6353,77.0873,Theft,02:24:24
Seelampur,28.6848,77.2775,Robbery,04:41:24
Karol Bagh,28.6516,77.1904,Murder,04:52:42
Karol Bagh,28.6516,77.1904,Robbery,07:30:57
Model Town,28.709,77.1896,Theft,20:42:59
Connaught Place,28.6315,77.2167,Assault,19:41:16
Rajouri Garden,28.6411,77.1235,Theft,07:09:46
Seelampur,28.6848,77.2775,Chain Snatching,18:00:44
Preet Vihar,28.6367,77.2956,Chain Snatching,22:22:57
Janakpuri,28.6216,77.0902,Chain Snatching,19:21:12
Greater Kailash,28.5487,77.2419,Rape,08:08:25
Shahdara,28.677,77.289,Assault,15:58:46
Vasant Kunj,28.5267,77.1559,Burglary,20:46:16
Rohini,28.7499,77.0565,Rape,18:52:31
Greater Kailash,28.5487,77.2419,Theft,19:37:07
Vasant Kunj,28.5267,77.1559,Robbery,21:20:25
Seelampur,28.6848,77.2775,Burglary,13:18:40
Seelampur,28.6848,77.2775,Robbery,04:21:20
Greater Kailash,28.5487,77.2419,Robbery,22:05:12
Vasant Kunj,28.5267,77.1559,Burglary,02:21:48
Kalkaji,28.536,77.2619,Murder,02:34:17
Dwarka,28.5921,77.046,Rape,06:10:51
Tilak Nagar,28.6353,77.0873,Assault,11:26:29
Saket,28.5245,77.2066,Pick Pocketing,23:02:57
Rohini,28.7499,77.0565,Assault,17:07:10
Rajouri Garden,28.6411,77.1235,Assault,03:54:58
Okhla,28.5243,77.2773,Murder,06:19:59
Preet Vihar,28.6367,77.2956,Theft,16:43:15
Rajouri Garden,28.6411,77.1235,Chain Snatching,20:32:11
Nehru Place,28.5494,77.251,Assault,01:56:30
Dwarka,28.5921,77.046,Murder,18:13:33
Patel Nagar,28.6517,77.1784,Burglary,11:05:29
Karol Bagh,28.6516,77.1904,Theft,01:16:34
Malviya Nagar,28.5369,77.21,Burglary,10:12:57
Janakpuri,28.6216,77.0902,Assault,10:39:32
Connaught Place,28.6315,77.2167,Theft,08:55:52
Seelampur,28.6848,77.2775,Robbery,05:31:58
Rajouri Garden,28.6411,77.1235,Robbery,06:51:59
Dwarka,28.5921,77.046,Rape,16:37:54
Okhla,28.5243,77.2773,Murder,22:07:24
Karol Bagh,28.6516,77.1904,Theft,21:34:48
Seelampur,28.6848,77.2775,Robbery,09:41:59
Saket,28.5245,77.2066,Murder,01:34:38
Tilak Nagar,28.6353,77.0873,Robbery,22:06:03
Shahdara,28.677,77.289,Murder,22:28:38
Shahdara,28.677,77.289,Chain Snatching,02:16:23
Malviya Nagar,28.5369,77.21,Rape,08:42:25
Preet Vihar,28.6367,77.2956,Chain Snatching,10:58:07
Okhla,28.5243,77.2773,Theft,13:02:51
Patel Nagar,28.6517,77.1784,Theft,19:31:05
Janakpuri,28.6216,77.0902,Murder,18:00:54
Dwarka,28.5921,77.046,Murder,05:59:01
Rajouri Garden,28.6411,77.1235,Robbery,12:56:51
Tilak Nagar,28.6353,77.0873,Burglary,14:46:03
Malviya Nagar,28.5369,77.21,Burglary,02:42:23
Malviya Nagar,28.5369,77.21,Murder,08:30:16
Karol Bagh,28.6516,77.1904,Pick Pocketing,01:47:07
Kalkaji,28.536,77.2619,Murder,15:09:00
Model Town,28.709,77.1896,Assault,03:24:15
Rohini,28.7499,77.0565,Chain Snatching,23:05:18
Greater Kailash,28.5487,77.2419,Robbery,15:22:22
Saket,28.5245,77.2066,Theft,02:38:48
Rohini,28.7499,77.0565,Chain Snatching,13:29:38
Nehru Place,28.5494,77.251,Assault,12:29:04
Greater Kailash,28.5487,77.2419,Murder,11:54:04
Kalkaji,28.536,77.2619,Burglary,21:45:52
Shahdara,28.677,77.289,Assault,01:15:37
Shahdara,28.677,77.289,Robbery,01:05:28
Janakpuri,28.6216,77.0902,Chain Snatching,04:55:57
Rajouri Garden,28.6411,77.1235,Chain Snatching,22:01:28
Nehru Place,28.5494,77.251,Chain Snatching,21:37:20
Lajpat Nagar,28.5687,77.243,Pick Pocketing,22:45:26
Seelampur,28.6848,77.2775,Burglary,10:57:55
Model Town,28.709,77.1896,Murder,06:25:10
Nehru Place,28.5494,77.251,Rape,03:32:24
Connaught Place,28.6315,77.2167,Burglary,09:15:34
Vasant Kunj,28.5267,77.1559,Theft,13:36:02
Preet Vihar,28.6367,77.2956,Assault,00:02:49
Okhla,28.5243,77.2773,Chain Snatching,12:54:14
Nehru Place,28.5494,77.251,Theft,05:54:31
Karol Bagh,28.6516,77.1904,Chain Snatching,20:43:31
Vasant Kunj,28.5267,77.1559,Theft,02:25:00
Dwarka,28.5921,77.046,Murder,13:07:55
Patel Nagar,28.6517,77.1784,Pick Pocketing,18:14:36
Rohini,28.7499,77.0565,Theft,12:50:45
Seelampur,28.6848,77.2775,Pick Pocketing,09:48:57
Dwarka,28.5921,77.046,Assault,20:24:14
Janakpuri,28.6216,77.0902,Rape,21:09:21
Greater Kailash,28.5487,77.2419,Murder,10:52:03
Nehru Place,28.5494,77.251,Burglary,01:57:38
Kalkaji,28.536,77.2619,Theft,08:09:48
Model Town,28.709,77.1896,Burglary,00:08:07
Patel Nagar,28.6517,77.1784,Robbery,15:18:34
Rohini,28.7499,77.0565,Chain Snatching,10:52:29
Karol Bagh,28.6516,77.1904,Murder,22:30:52
Okhla,28.5243,77.2773,Chain Snatching,12:32:37
Saket,28.5245,77.2066,Burglary,03:47:47
Janakpuri,28.6216,77.0902,Chain Snatching,11:07:33
Lajpat Nagar,28.5687,77.243,Burglary,11:06:00
Malviya Nagar,28.5369,77.21,Pick Pocketing,16:46:56
Model Town,28.709,77.1896,Robbery,14:12:31
Connaught Place,28.6315,77.2167,Theft,12:28:15
Nehru Place,28.5494,77.251,Chain Snatching,00:49:41
Model Town,28.709,77.1896,Chain Snatching,14:41:49
Dwarka,28.5921,77.046,Robbery,15:40:14
Patel Nagar,28.6517,77.1784,Theft,14:09:20
Saket,28.5245,77.2066,Burglary,05:11:09
Kalkaji,28.536,77.2619,Robbery,06:15:54
Shahdara,28.677,77.289,Assault,06:32:16
Greater Kailash,28.5487,77.2419,Robbery,02:50:06
Shahdara,28.677,77.289,Pick Pocketing,14:01:35
Lajpat Nagar,28.5687,77.243,Robbery,00:56:26
Janakpuri,28.6216,77.0902,Murder,06:20:58
Connaught Place,28.6315,77.2167,Murder,12:23:33
Seelampur,28.6848,77.2775,Robbery,18:44:42
Okhla,28.5243,77.2773,Rape,03:22:06
Rohini,28.7499,77.0565,Murder,05:17:24
Okhla,28.5243,77.2773,Chain Snatching,03:02:28
Patel Nagar,28.6517,77.1784,Robbery,21:52:23
Karol Bagh,28.6516,77.1904,Assault,17:05:30
Rohini,28.7499,77.0565,Rape,13:09:41
Rohini,28.7499,77.0565,Murder,04:51:24
Tilak Nagar,28.6353,77.0873,Theft,02:12:49
Seelampur,28.6848,77.2775,Burglary,18:23:24
Preet Vihar,28.6367,77.2956,Theft,12:09:51
Shahdara,28.677,77.289,Murder,20:51:55
Seelampur,28.6848,77.2775,Theft,13:48:04
Dwarka,28.5921,77.046,Pick Pocketing,11:49:03
Nehru Place,28.5494,77.251,Rape,23:16:02
Saket,28.5245,77.2066,Burglary,07:37:30
Patel Nagar,28.6517,77.1784,Theft,04:55:19
Okhla,28.5243,77.2773,Theft,04:01:03
Okhla,28.5243,77.2773,Burglary,07:49:16
Seelampur,28.6848,77.2775,Burglary,22:50:21
Karol Bagh,28.6516,77.1904,Assault,20:22:29
Janakpuri,28.6216,77.0902,Rape,22:19:21
Dwarka,28.5921,77.046,Pick Pocketing,06:45:49
Kalkaji,28.536,77.2619,Murder,15:05:18
Malviya Nagar,28.5369,77.21,Murder,08:58:04
Lajpat Nagar,28.5687,77.243,Pick Pocketing,02:00:32
Malviya Nagar,28.5369,77.21,Burglary,20:42:49
Kalkaji,28.536,77.2619,Theft,15:57:25
Tilak Nagar,28.6353,77.0873,Assault,08:24:21
Model Town,28.709,77.1896,Theft,17:05:51
Preet Vihar,28.6367,77.2956,Assault,01:03:49
Connaught Place,28.6315,77.2167,Burglary,14:46:49
Connaught Place,28.6315,77.2167,Theft,15:43:05
Patel Nagar,28.6517,77.1784,Murder,20:53:57
Nehru Place,28.5494,77.251,Assault,18:49:38
Okhla,28.5243,77.2773,Murder,06:51:48
Seelampur,28.6848,77.2775,Rape,04:54:44
Karol Bagh,28.6516,77.1904,Theft,06:40:05
Kalkaji,28.536,77.2619,Robbery,02:19:45
Nehru Place,28.5494,77.251,Pick Pocketing,18:57:04
Karol Bagh,28.6516,77.1904,Rape,16:53:31
Shahdara,28.677,77.289,Burglary,12:48:10
Preet Vihar,28.6367,77.2956,Pick Pocketing,09:34:26
Lajpat Nagar,28.5687,77.243,Chain Snatching,00:45:54
Seelampur,28.6848,77.2775,Chain Snatching,01:15:17
Preet Vihar,28.6367,77.2956,Pick Pocketing,23:15:08
Dwarka,28.5921,77.046,Assault,07:54:13
Tilak Nagar,28.6353,77.0873,Pick Pocketing,19:53:40
Vasant Kunj,28.5267,77.1559,Pick Pocketing,11:08:03
Karol Bagh,28.6516,77.1904,Murder,00:06:15
Rajouri Garden,28.6411,77.1235,Rape,18:46:22
Model Town,28.709,77.1896,Theft,01:33:46
Seelampur,28.6848,77.2775,Robbery,07:48:50
Tilak Nagar,28.6353,77.0873,Rape,13:15:46
Kalkaji,28.536,77.2619,Chain Snatching,21:11:38
Preet Vihar,28.6367,77.2956,Chain Snatching,14:55:18
Greater Kailash,28.5487,77.2419,Theft,14:49:59
Seelampur,28.6848,77.2775,Rape,16:50:10
Tilak Nagar,28.6353,77.0873,Robbery,01:16:05
Karol Bagh,28.6516,77.1904,Theft,10:40:55
Shahdara,28.677,77.289,Theft,09:58:31
Okhla,28.5243,77.2773,Pick Pocketing,19:33:08
Tilak Nagar,28.6353,77.0873,Assault,09:25:47
Rajouri Garden,28.6411,77.1235,Burglary,13:53:24
Tilak Nagar,28.6353,77.0873,Rape,23:59:26
Greater Kailash,28.5487,77.2419,Theft,09:27:57
Janakpuri,28.6216,77.0902,Burglary,03:13:05
Shahdara,28.677,77.289,Chain Snatching,19:51:09
Nehru Place,28.5494,77.251,Murder,10:55:31
Tilak Nagar,28.6353,77.0873,Rape,16:55:45
Okhla,28.5243,77.2773,Pick Pocketing,06:48:38
Model Town,28.709,77.1896,Rape,12:21:34
Shahdara,28.677,77.289,Rape,13:18:47
Nehru Place,28.5494,77.251,Burglary,06:56:07
Patel Nagar,28.6517,77.1784,Pick Pocketing,08:49:20
Kalkaji,28.536,77.2619,Pick Pocketing,03:13:20
Rajouri Garden,28.6411,77.1235,Murder,00:09:11
Nehru Place,28.5494,77.251,Robbery,10:03:05
Karol Bagh,28.6516,77.1904,Theft,20:03:33
Karol Bagh,28.6516,77.1904,Robbery,18:35:25
Lajpat Nagar,28.5687,77.243,Pick Pocketing,19:59:40
Model Town,28.709,77.1896,Robbery,12:01:03
Vasant Kunj,28.5267,77.1559,Rape,05:12:25
Lajpat Nagar,28.5687,77.243,Pick Pocketing,05:03:54
Greater Kailash,28.5487,77.2419,Chain Snatching,01:31:11
Kalkaji,28.536,77.2619,Chain Snatching,19:38:01
Connaught Place,28.6315,77.2167,Burglary,06:33:57
Model Town,28.709,77.1896,Rape,08:01:12
Seelampur,28.6848,77.2775,Burglary,16:20:08
Vasant Kunj,28.5267,77.1559,Burglary,01:05:19
Dwarka,28.5921,77.046,Murder,17:16:28
Tilak Nagar,28.6353,77.0873,Burglary,06:51:47
Preet Vihar,28.6367,77.2956,Theft,21:28:43
Connaught Place,28.6315,77.2167,Burglary,16:35:07
Seelampur,28.6848,77.2775,Theft,00:09:55
Greater Kailash,28.5487,77.2419,Burglary,16:17:20
Lajpat Nagar,28.5687,77.243,Murder,14:16:17
Janakpuri,28.6216,77.0902,Rape,22:36:12
Shahdara,28.677,77.289,Chain Snatching,14:56:29
Janakpuri,28.6216,77.0902,Theft,13:57:02
Vasant Kunj,28.5267,77.1559,Burglary,09:15:06
Lajpat Nagar,28.5687,77.243,Murder,19:40:38
Seelampur,28.6848,77.2775,Theft,04:43:58
Seelampur,28.6848,77.2775,Murder,11:23:39
Nehru Place,28.5494,77.251,Robbery,19:28:01
Malviya Nagar,28.5369,77.21,Chain Snatching,02:09:57
Karol Bagh,28.6516,77.1904,Murder,23:57:33
Okhla,28.5243,77.2773,Assault,09:14:58
Greater Kailash,28.5487,77.2419,Chain Snatching,06:04:34
Janakpuri,28.6216,77.0902,Burglary,05:41:41
Tilak Nagar,28.6353,77.0873,Pick Pocketing,15:00:25
Kalkaji,28.536,77.2619,Murder,17:17:05
Seelampur,28.6848,77.2775,Robbery,14:44:19
Patel Nagar,28.6517,77.1784,Assault,09:43:07
Saket,28.5245,77.2066,Theft,21:39:09
Greater Kailash,28.5487,77.2419,Murder,00:01:05
Model Town,28.709,77.1896,Robbery,03:25:29
Lajpat Nagar,28.5687,77.243,Assault,16:09:57
Vasant Kunj,28.5267,77.1559,Rape,19:56:01
Malviya Nagar,28.5369,77.21,Burglary,00:29:02
Rohini,28.7499,77.0565,Theft,07:37:14
Saket,28.5245,77.2066,Chain Snatching,14:05:40
Saket,28.5245,77.2066,Robbery,01:36:45
Vasant Kunj,28.5267,77.1559,Murder,06:43:15
Nehru Place,28.5494,77.251,Burglary,19:31:40
Rajouri Garden,28.6411,77.1235,Burglary,05:04:53
Patel Nagar,28.6517,77.1784,Burglary,08:26:47
Okhla,28.5243,77.2773,Robbery,16:56:16
Kalkaji,28.536,77.2619,Theft,07:40:33
Karol Bagh,28.6516,77.1904,Burglary,06:29:45
Rohini,28.7499,77.0565,Rape,06:42:31
Karol Bagh,28.6516,77.1904,Assault,18:00:12
Karol Bagh,28.6516,77.1904,Murder,14:24:14
Rohini,28.7499,77.0565,Robbery,00:34:53
Model Town,28.709,77.1896,Assault,01:00:38
Lajpat Nagar,28.5687,77.243,Chain Snatching,19:10:29
Greater Kailash,28.5487,77.2419,Murder,02:00:04
Tilak Nagar,28.6353,77.0873,Chain Snatching,03:15:02
Nehru Place,28.5494,77.251,Assault,16:59:47
Tilak Nagar,28.6353,77.0873,Rape,07:10:44
Okhla,28.5243,77.2773,Robbery,12:25:53
Dwarka,28.5921,77.046,Chain Snatching,16:58:46
Tilak Nagar,28.6353,77.0873,Theft,18:46:01
Preet Vihar,28.6367,77.2956,Rape,17:52:02
Connaught Place,28.6315,77.2167,Pick Pocketing,02:14:35
Lajpat Nagar,28.5687,77.243,Burglary,00:51:34
Tilak Nagar,28.6353,77.0873,Burglary,17:44:04
Greater Kailash,28.5487,77.2419,Pick Pocketing,06:30:53
Nehru Place,28.5494,77.251,Murder,18:20:39
Nehru Place,28.5494,77.251,Murder,09:13:51
Malviya Nagar,28.5369,77.21,Murder,19:53:08
Karol Bagh,28.6516,77.1904,Chain Snatching,14:44:13
Rajouri Garden,28.6411,77.1235,Robbery,12:05:14
Saket,28.5245,77.2066,Assault,18:01:41
Lajpat Nagar,28.5687,77.243,Rape,02:10:26
Lajpat Nagar,28.5687,77.243,Rape,17:45:52
Karol Bagh,28.6516,77.1904,Theft,12:53:56
Greater Kailash,28.5487,77.2419,Assault,04:06:54
Rajouri Garden,28.6411,77.1235,Robbery,19:39:50
Rohini,28.7499,77.0565,Murder,06:32:04
Okhla,28.5243,77.2773,Murder,12:31:26
Preet Vihar,28.6367,77.2956,Rape,03:48:04
Malviya Nagar,28.5369,77.21,Assault,03:33:21
Shahdara,28.677,77.289,Rape,16:41:05
Preet Vihar,28.6367,77.2956,Chain Snatching,21:30:20
Kalkaji,28.536,77.2619,Rape,16:55:02
Dwarka,28.5921,77.046,Burglary,03:41:41
Shahdara,28.677,77.289,Murder,01:17:51
Janakpuri,28.6216,77.0902,Pick Pocketing,20:04:41
Dwarka,28.5921,77.046,Theft,01:51:48
Seelampur,28.6848,77.2775,Murder,09:18:33
Greater Kailash,28.5487,77.2419,Murder,00:35:24
Rajouri Garden,28.6411,77.1235,Burglary,06:43:41
Model Town,28.709,77.1896,Murder,21:18:15
Malviya Nagar,28.5369,77.21,Theft,06:33:30
Janakpuri,28.6216,77.0902,Theft,00:37:06
Preet Vihar,28.6367,77.2956,Murder,19:13:24
Model Town,28.709,77.1896,Rape,04:18:24
Nehru Place,28.5494,77.251,Chain Snatching,12:25:29
Greater Kailash,28.5487,77.2419,Assault,15:15:19
Rohini,28.7499,77.0565,Pick Pocketing,17:38:21
Preet Vihar,28.6367,77.2956,Assault,13:52:12
Dwarka,28.5921,77.046,Burglary,21:16:28
Saket,28.5245,77.2066,Murder,05:46:04
Malviya Nagar,28.5369,77.21,Rape,20:28:39
Malviya Nagar,28.5369,77.21,Theft,11:25:03
Malviya Nagar,28.5369,77.21,Theft,19:47:45
Greater Kailash,28.5487,77.2419,Assault,23:58:18
Dwarka,28.5921,77.046,Robbery,15:30:21
Shahdara,28.677,77.289,Robbery,20:24:47
Malviya Nagar,28.5369,77.21,Assault,04:01:09
Dwarka,28.5921,77.046,Rape,22:58:23
Janakpuri,28.6216,77.0902,Murder,12:26:29
Greater Kailash,28.5487,77.2419,Murder,03:38:01
Tilak Nagar,28.6353,77.0873,Rape,00:42:55
Connaught Place,28.6315,77.2167,Chain Snatching,09:50:42
Vasant Kunj,28.5267,77.1559,Chain Snatching,21:49:18
Karol Bagh,28.6516,77.1904,Rape,02:42:49
Nehru Place,28.5494,77.251,Rape,00:03:16
Shahdara,28.677,77.289,Murder,01:30:31
Malviya Nagar,28.5369,77.21,Burglary,08:42:21
Vasant Kunj,28.5267,77.1559,Rape,19:31:29
Rohini,28.7499,77.0565,Theft,17:15:31
Shahdara,28.677,77.289,Assault,12:52:25
Tilak Nagar,28.6353,77.0873,Murder,17:47:04
Model Town,28.709,77.1896,Burglary,15:06:48
Lajpat Nagar,28.5687,77.243,Burglary,04:22:10
Preet Vihar,28.6367,77.2956,Assault,05:50:42
Rajouri Garden,28.6411,77.1235,Theft,00:03:08
Nehru Place,28.5494,77.251,Assault,09:25:01
Vasant Kunj,28.5267,77.1559,Assault,17:07:52
Nehru Place,28.5494,77.251,Burglary,14:33:36
Greater Kailash,28.5487,77.2419,Robbery,13:52:33
Greater Kailash,28.5487,77.2419,Murder,13:16:44
Karol Bagh,28.6516,77.1904,Murder,03:49:52
Shahdara,28.677,77.289,Pick Pocketing,18:13:35
Karol Bagh,28.6516,77.1904,Pick Pocketing,21:22:27
Karol Bagh,28.6516,77.1904,Burglary,08:20:06
Tilak Nagar,28.6353,77.0873,Chain Snatching,19:57:31
Rohini,28.7499,77.0565,Murder,19:41:23
Karol Bagh,28.6516,77.1904,Chain Snatching,19:11:29
Kalkaji,28.536,77.2619,Theft,21:05:43
Karol Bagh,28.6516,77.1904,Assault,18:45:00
Tilak Nagar,28.6353,77.0873,Pick Pocketing,01:22:47
Preet Vihar,28.6367,77.2956,Chain Snatching,01:13:22
Lajpat Nagar,28.5687,77.243,Rape,03:28:36
Patel Nagar,28.6517,77.1784,Chain Snatching,14:21:01
Karol Bagh,28.6516,77.1904,Rape,19:23:24
Nehru Place,28.5494,77.251,Chain Snatching,04:36:06
Greater Kailash,28.5487,77.2419,Chain Snatching,01:26:36
Connaught Place,28.6315,77.2167,Robbery,09:11:15
Shahdara,28.677,77.289,Theft,02:56:04
Connaught Place,28.6315,77.2167,Assault,04:33:53
Model Town,28.709,77.1896,Robbery,13:35:00
Kalkaji,28.536,77.2619,Robbery,16:08:22
Janakpuri,28.6216,77.0902,Robbery,21:30:10
Janakpuri,28.6216,77.0902,Burglary,13:08:49
Seelampur,28.6848,77.2775,Rape,08:11:17
Dwarka,28.5921,77.046,Rape,21:34:44
Lajpat Nagar,28.5687,77.243,Assault,12:49:09
Connaught Place,28.6315,77.2167,Burglary,20:28:55
Shahdara,28.677,77.289,Assault,17:19:18
Greater Kailash,28.5487,77.2419,Robbery,01:20:38
Saket,28.5245,77.2066,Rape,20:23:11
Malviya Nagar,28.5369,77.21,Burglary,00:08:54
Tilak Nagar,28.6353,77.0873,Burglary,08:21:15
Greater Kailash,28.5487,77.2419,Murder,04:13:12
Dwarka,28.5921,77.046,Rape,14:05:35
Saket,28.5245,77.2066,Assault,16:36:43
Dwarka,28.5921,77.046,Assault,19:19:40
Patel Nagar,28.6517,77.1784,Assault,01:31:59
Tilak Nagar,28.6353,77.0873,Assault,13:39:25
Seelampur,28.6848,77.2775,Burglary,15:08:22
Rajouri Garden,28.6411,77.1235,Murder,08:06:31
Kalkaji,28.536,77.2619,Assault,15:46:02
Karol Bagh,28.6516,77.1904,Assault,03:46:02
Shahdara,28.677,77.289,Chain Snatching,13:31:25
Model Town,28.709,77.1896,Theft,00:43:02
Model Town,28.709,77.1896,Murder,20:09:34
Janakpuri,28.6216,77.0902,Theft,12:27:09
Rajouri Garden,28.6411,77.1235,Rape,17:51:26
Connaught Place,28.6315,77.2167,Assault,18:27:41
Dwarka,28.5921,77.046,Theft,16:48:38
Dwarka,28.5921,77.046,Murder,23:36:47
Patel Nagar,28.6517,77.1784,Assault,07:34:13
Greater Kailash,28.5487,77.2419,Burglary,20:46:03
Okhla,28.5243,77.2773,Assault,13:53:03
Shahdara,28.677,77.289,Robbery,21:02:06
Kalkaji,28.536,77.2619,Rape,10:04:57
Greater Kailash,28.5487,77.2419,Assault,15:13:41
Saket,28.5245,77.2066,Chain Snatching,15:04:38
Saket,28.5245,77.2066,Pick Pocketing,01:36:48
Janakpuri,28.6216,77.0902,Murder,02:51:17
Patel Nagar,28.6517,77.1784,Rape,08:12:38
Okhla,28.5243,77.2773,Burglary,07:05:58
Patel Nagar,28.6517,77.1784,Robbery,20:28:18
Shahdara,28.677,77.289,Murder,07:54:12
Rajouri Garden,28.6411,77.1235,Burglary,14:35:10
Okhla,28.5243,77.2773,Burglary,05:55:00
Okhla,28.5243,77.2773,Rape,23:51:06
Seelampur,28.6848,77.2775,Murder,16:48:46
Model Town,28.709,77.1896,Theft,08:01:21
Seelampur,28.6848,77.2775,Assault,01:31:31
Tilak Nagar,28.6353,77.0873,Chain Snatching,13:11:16
Dwarka,28.5921,77.046,Murder,09:24:59
Okhla,28.5243,77.2773,Chain Snatching,19:30:52
Malviya Nagar,28.5369,77.21,Pick Pocketing,09:04:03
Malviya Nagar,28.5369,77.21,Rape,05:37:38
Rohini,28.7499,77.0565,Murder,23:13:37
Dwarka,28.5921,77.046,Pick Pocketing,03:56:12
Vasant Kunj,28.5267,77.1559,Robbery,21:16:38
Vasant Kunj,28.5267,77.1559,Rape,08:52:09
Nehru Place,28.5494,77.251,Murder,09:43:50
Malviya Nagar,28.5369,77.21,Robbery,22:17:34
Shahdara,28.677,77.289,Murder,03:28:40
Connaught Place,28.6315,77.2167,Murder,15:20:40
Kalkaji,28.536,77.2619,Pick Pocketing,08:55:08
Lajpat Nagar,28.5687,77.243,Chain Snatching,20:35:24
Lajpat Nagar,28.5687,77.243,Rape,09:27:51
Seelampur,28.6848,77.2775,Robbery,22:09:55
Nehru Place,28.5494,77.251,Robbery,07:11:36
Seelampur,28.6848,77.2775,Chain Snatching,01:12:40
Saket,28.5245,77.2066,Robbery,00:23:31
Malviya Nagar,28.5369,77.21,Assault,20:02:23
Janakpuri,28.6216,77.0902,Burglary,07:28:04
Patel Nagar,28.6517,77.1784,Burglary,21:22:58
Kalkaji,28.536,77.2619,Assault,06:46:29
Rajouri Garden,28.6411,77.1235,Rape,10:02:19
Rajouri Garden,28.6411,77.1235,Robbery,11:44:01
Nehru Place,28.5494,77.251,Rape,20:19:09
Connaught Place,28.6315,77.2167,Theft,22:47:20
Greater Kailash,28.5487,77.2419,Pick Pocketing,00:22:34
Janakpuri,28.6216,77.0902,Murder,11:49:51
Tilak Nagar,28.6353,77.0873,Burglary,20:22:15
Malviya Nagar,28.5369,77.21,Rape,17:05:34
Tilak Nagar,28.6353,77.0873,Assault,13:25:06
Vasant Kunj,28.5267,77.1559,Robbery,09:09:46
Lajpat Nagar,28.5687,77.243,Burglary,18:41:21
Greater Kailash,28.5487,77.2419,Pick Pocketing,02:02:53
Nehru Place,28.5494,77.251,Assault,07:36:15
Karol Bagh,28.6516,77.1904,Chain Snatching,20:38:48
Rajouri Garden,28.6411,77.1235,Pick Pocketing,21:16:05
Connaught Place,28.6315,77.2167,Murder,22:16:03
Kalkaji,28.536,77.2619,Robbery,13:57:40
Janakpuri,28.6216,77.0902,Rape,05:47:15
Saket,28.5245,77.2066,Murder,13:08:43
Vasant Kunj,28.5267,77.1559,Burglary,01:29:56
Shahdara,28.677,77.289,Assault,00:32:00
Malviya Nagar,28.5369,77.21,Pick Pocketing,03:41:59
Saket,28.5245,77.2066,Theft,13:32:10
Vasant Kunj,28.5267,77.1559,Burglary,19:03:41
Kalkaji,28.536,77.2619,Rape,07:08:50
Model Town,28.709,77.1896,Rape,00:03:10
Seelampur,28.6848,77.2775,Assault,16:14:21
Rohini,28.7499,77.0565,Rape,15:22:22
Shahdara,28.677,77.289,Burglary,15:59:10
Connaught Place,28.6315,77.2167,Chain Snatching,06:56:27
Greater Kailash,28.5487,77.2419,Chain Snatching,23:47:05
Karol Bagh,28.6516,77.1904,Pick Pocketing,04:04:12
Nehru Place,28.5494,77.251,Burglary,11:11:59
Okhla,28.5243,77.2773,Rape,03:37:21
Model Town,28.709,77.1896,Rape,11:21:29
Tilak Nagar,28.6353,77.0873,Rape,20:29:49
Preet Vihar,28.6367,77.2956,Murder,18:41:44
Vasant Kunj,28.5267,77.1559,Burglary,09:25:50
Model Town,28.709,77.1896,Theft,13:50:54
Kalkaji,28.536,77.2619,Burglary,08:27:49
Kalkaji,28.536,77.2619,Burglary,22:19:45
Vasant Kunj,28.5267,77.1559,Theft,05:52:10
Dwarka,28.5921,77.046,Assault,23:51:15
Kalkaji,28.536,77.2619,Theft,22:46:16
Saket,28.5245,77.2066,Pick Pocketing,04:03:36
Shahdara,28.677,77.289,Pick Pocketing,14:29:57
Rohini,28.7499,77.0565,Assault,19:01:20
Rajouri Garden,28.6411,77.1235,Robbery,18:20:05
Connaught Place,28.6315,77.2167,Theft,00:40:29
Janakpuri,28.6216,77.0902,Burglary,09:35:08
Lajpat Nagar,28.5687,77.243,Pick Pocketing,23:08:45
Vasant Kunj,28.5267,77.1559,Assault,14:36:52
Connaught Place,28.6315,77.2167,Robbery,22:31:20
Saket,28.5245,77.2066,Theft,18:48:19
Saket,28.5245,77.2066,Rape,03:28:30
Preet Vihar,28.6367,77.2956,Pick Pocketing,00:23:17
Rajouri Garden,28.6411,77.1235,Burglary,20:28:33
Tilak Nagar,28.6353,77.0873,Murder,10:03:30
Saket,28.5245,77.2066,Robbery,11:50:28
Model Town,28.709,77.1896,Chain Snatching,05:01:23
Saket,28.5245,77.2066,Burglary,05:04:45
Malviya Nagar,28.5369,77.21,Rape,16:55:15
Dwarka,28.5921,77.046,Chain Snatching,00:38:12
Preet Vihar,28.6367,77.2956,Chain Snatching,04:32:13
Saket,28.5245,77.2066,Theft,15:25:49
Lajpat Nagar,28.5687,77.243,Assault,08:02:54
Rohini,28.7499,77.0565,Burglary,07:35:59
Preet Vihar,28.6367,77.2956,Rape,11:30:43
Seelampur,28.6848,77.2775,Burglary,10:30:44
Malviya Nagar,28.5369,77.21,Theft,02:12:05
Rajouri Garden,28.6411,77.1235,Theft,18:45:12
Tilak Nagar,28.6353,77.0873,Rape,09:43:16
Janakpuri,28.6216,77.0902,Rape,06:39:34
Rajouri Garden,28.6411,77.1235,Pick Pocketing,14:47:55
Dwarka,28.5921,77.046,Murder,13:59:27
Saket,28.5245,77.2066,Robbery,17:00:36
Rohini,28.7499,77.0565,Robbery,00:57:56
Lajpat Nagar,28.5687,77.243,Theft,15:00:21
Lajpat Nagar,28.5687,77.243,Murder,16:22:55
Tilak Nagar,28.6353,77.0873,Assault,01:14:41
Greater Kailash,28.5487,77.2419,Assault,04:11:55
Lajpat Nagar,28.5687,77.243,Burglary,03:57:51
Tilak Nagar,28.6353,77.0873,Chain Snatching,04:38:14
Nehru Place,28.5494,77.251,Theft,16:23:02
Dwarka,28.5921,77.046,Rape,22:49:27
Dwarka,28.5921,77.046,Theft,09:07:53
Okhla,28.5243,77.2773,Murder,22:18:15
Tilak Nagar,28.6353,77.0873,Chain Snatching,22:56:50
Rohini,28.7499,77.0565,Robbery,02:56:57
Vasant Kunj,28.5267,77.1559,Burglary,08:26:48
Rajouri Garden,28.6411,77.1235,Burglary,09:04:46
Malviya Nagar,28.5369,77.21,Rape,04:10:10
Model Town,28.709,77.1896,Rape,01:42:24
Preet Vihar,28.6367,77.2956,Rape,06:42:15
Dwarka,28.5921,77.046,Assault,22:42:13
Rajouri Garden,28.6411,77.1235,Robbery,04:58:14
Preet Vihar,28.6367,77.2956,Chain Snatching,19:18:23
Rohini,28.7499,77.0565,Chain Snatching,13:38:33
Dwarka,28.5921,77.046,Pick Pocketing,21:27:10
Saket,28.5245,77.2066,Assault,01:58:59
Karol Bagh,28.6516,77.1904,Chain Snatching,20:15:04
Rohini,28.7499,77.0565,Robbery,13:46:18
Dwarka,28.5921,77.046,Burglary,21:15:37
Janakpuri,28.6216,77.0902,Theft,01:04:05
Dwarka,28.5921,77.046,Rape,14:29:40
Janakpuri,28.6216,77.0902,Burglary,15:35:37
Lajpat Nagar,28.5687,77.243,Theft,00:57:13
Preet Vihar,28.6367,77.2956,Chain Snatching,19:50:37
Okhla,28.5243,77.2773,Murder,09:00:23
Shahdara,28.677,77.289,Theft,16:29:49
Janakpuri,28.6216,77.0902,Chain Snatching,16:55:05
Saket,28.5245,77.2066,Rape,18:59:53
Rajouri Garden,28.6411,77.1235,Theft,20:55:57
Saket,28.5245,77.2066,Burglary,07:32:52
Rohini,28.7499,77.0565,Pick Pocketing,01:32:52
Lajpat Nagar,28.5687,77.243,Assault,06:38:42
Nehru Place,28.5494,77.251,Chain Snatching,07:49:07
Rajouri Garden,28.6411,77.1235,Pick Pocketing,16:54:10
Rohini,28.7499,77.0565,Robbery,20:48:18
Lajpat Nagar,28.5687,77.243,Chain Snatching,04:41:58
Vasant Kunj,28.5267,77.1559,Rape,04:35:27
Seelampur,28.6848,77.2775,Rape,14:44:07
Lajpat Nagar,28.5687,77.243,Robbery,14:40:31
Connaught Place,28.6315,77.2167,Assault,12:00:14
Shahdara,28.677,77.289,Chain Snatching,19:33:38
Okhla,28.5243,77.2773,Chain Snatching,07:56:59
Malviya Nagar,28.5369,77.21,Rape,05:40:33
Vasant Kunj,28.5267,77.1559,Rape,16:09:27
Tilak Nagar,28.6353,77.0873,Robbery,21:34:49
Seelampur,28.6848,77.2775,Robbery,10:38:50
Rajouri Garden,28.6411,77.1235,Rape,17:46:40
Connaught Place,28.6315,77.2167,Robbery,07:22:35
Lajpat Nagar,28.5687,77.243,Rape,23:59:26
Vasant Kunj,28.5267,77.1559,Theft,08:35:55
Shahdara,28.677,77.289,Theft,05:02:23
Connaught Place,28.6315,77.2167,Robbery,22:28:46
Shahdara,28.677,77.289,Chain Snatching,19:49:37
Vasant Kunj,28.5267,77.1559,Robbery,03:06:57
Saket,28.5245,77.2066,Chain Snatching,04:54:29
Dwarka,28.5921,77.046,Murder,11:38:27
Greater Kailash,28.5487,77.2419,Robbery,22:09:24
Nehru Place,28.5494,77.251,Assault,17:42:54
Saket,28.5245,77.2066,Theft,12:15:15
Connaught Place,28.6315,77.2167,Rape,13:25:59
Vasant Kunj,28.5267,77.1559,Rape,03:38:02
Rajouri Garden,28.6411,77.1235,Chain Snatching,04:07:54
Lajpat Nagar,28.5687,77.243,Robbery,08:10:13
Lajpat Nagar,28.5687,77.243,Robbery,22:09:56
Vasant Kunj,28.5267,77.1559,Chain Snatching,09:28:55
Connaught Place,28.6315,77.2167,Assault,23:49:13
Connaught Place,28.6315,77.2167,Robbery,23:04:17
Lajpat Nagar,28.5687,77.243,Chain Snatching,20:07:48
Lajpat Nagar,28.5687,77.243,Robbery,21:36:24
Model Town,28.709,77.1896,Rape,09:46:53
Seelampur,28.6848,77.2775,Chain Snatching,21:29:26
Okhla,28.5243,77.2773,Assault,01:55:19
Dwarka,28.5921,77.046,Theft,16:11:43
Model Town,28.709,77.1896,Murder,12:36:19
Karol Bagh,28.6516,77.1904,Murder,16:58:06
Model Town,28.709,77.1896,Rape,01:13:30
Karol Bagh,28.6516,77.1904,Burglary,01:49:47
Tilak Nagar,28.6353,77.0873,Theft,10:11:12
Vasant Kunj,28.5267,77.1559,Murder,07:37:11
Kalkaji,28.536,77.2619,Theft,05:51:31
Lajpat Nagar,28.5687,77.243,Rape,04:34:48
Dwarka,28.5921,77.046,Rape,11:07:11
Patel Nagar,28.6517,77.1784,Assault,10:48:00
Tilak Nagar,28.6353,77.0873,Rape,07:05:02
Greater Kailash,28.5487,77.2419,Chain Snatching,03:52:50
Malviya Nagar,28.5369,77.21,Murder,20:47:10
Janakpuri,28.6216,77.0902,Chain Snatching,03:24:24
Preet Vihar,28.6367,77.2956,Chain Snatching,06:04:17
Vasant Kunj,28.5267,77.1559,Rape,08:10:21
Shahdara,28.677,77.289,Burglary,03:34:58
Model Town,28.709,77.1896,Theft,14:08:20
Lajpat Nagar,28.5687,77.243,Assault,22:36:50
Nehru Place,28.5494,77.251,Theft,13:28:42
Shahdara,28.677,77.289,Pick Pocketing,03:40:40
Model Town,28.709,77.1896,Robbery,22:47:04
Vasant Kunj,28.5267,77.1559,Assault,22:50:55
Vasant Kunj,28.5267,77.1559,Burglary,18:04:49
Dwarka,28.5921,77.046,Murder,02:59:45
Dwarka,28.5921,77.046,Theft,14:19:25
Model Town,28.709,77.1896,Rape,17:57:52
Vasant Kunj,28.5267,77.1559,Murder,08:42:58
Shahdara,28.677,77.289,Assault,04:41:27
Seelampur,28.6848,77.2775,Chain Snatching,02:17:33
Nehru Place,28.5494,77.251,Robbery,13:56:33
Vasant Kunj,28.5267,77.1559,Assault,03:13:56
Preet Vihar,28.6367,77.2956,Pick Pocketing,01:43:04
Patel Nagar,28.6517,77.1784,Rape,10:56:23
Kalkaji,28.536,77.2619,Pick Pocketing,20:17:39
Rohini,28.7499,77.0565,Robbery,17:34:02
Model Town,28.709,77.1896,Robbery,04:36:49
Okhla,28.5243,77.2773,Murder,21:02:35
Connaught Place,28.6315,77.2167,Pick Pocketing,06:34:12
Rohini,28.7499,77.0565,Pick Pocketing,17:11:47
Preet Vihar,28.6367,77.2956,Burglary,08:47:23
Okhla,28.5243,77.2773,Theft,23:42:41
Vasant Kunj,28.5267,77.1559,Rape,01:29:08
Model Town,28.709,77.1896,Theft,15:04:45
Karol Bagh,28.6516,77.1904,Rape,18:51:25
Rohini,28.7499,77.0565,Chain Snatching,20:33:32
Shahdara,28.677,77.289,Rape,20:42:05
Okhla,28.5243,77.2773,Chain Snatching,01:51:12
Vasant Kunj,28.5267,77.1559,Pick Pocketing,01:55:52
Malviya Nagar,28.5369,77.21,Pick Pocketing,12:26:55
Janakpuri,28.6216,77.0902,Theft,09:02:16
Vasant Kunj,28.5267,77.1559,Theft,23:24:54
Greater Kailash,28.5487,77.2419,Pick Pocketing,11:39:53
Tilak Nagar,28.6353,77.0873,Murder,02:30:09
Rajouri Garden,28.6411,77.1235,Theft,20:30:43
Preet Vihar,28.6367,77.2956,Robbery,22:18:21
Preet Vihar,28.6367,77.2956,Burglary,07:53:47
Malviya Nagar,28.5369,77.21,Burglary,09:13:27
Connaught Place,28.6315,77.2167,Rape,12:34:52
Kalkaji,28.536,77.2619,Theft,22:52:57
Rohini,28.7499,77.0565,Rape,09:26:08
Karol Bagh,28.6516,77.1904,Robbery,22:33:33
Karol Bagh,28.6516,77.1904,Chain Snatching,10:24:37
Karol Bagh,28.6516,77.1904,Assault,03:47:08
Connaught Place,28.6315,77.2167,Chain Snatching,05:38:45
Shahdara,28.677,77.289,Murder,20:40:09
Model Town,28.709,77.1896,Robbery,18:42:30
Tilak Nagar,28.6353,77.0873,Murder,09:51:47
Patel Nagar,28.6517,77.1784,Assault,14:42:38
Kalkaji,28.536,77.2619,Assault,21:19:48
Rajouri Garden,28.6411,77.1235,Assault,07:36:52
Model Town,28.709,77.1896,Theft,14:07:00
Rohini,28.7499,77.0565,Assault,03:32:22
Saket,28.5245,77.2066,Chain Snatching,06:15:28
Lajpat Nagar,28.5687,77.243,Rape,12:48:59
Preet Vihar,28.6367,77.2956,Assault,02:26:05
Preet Vihar,28.6367,77.2956,Pick Pocketing,15:04:36
Tilak Nagar,28.6353,77.0873,Burglary,13:29:49
Kalkaji,28.536,77.2619,Burglary,02:31:15
Greater Kailash,28.5487,77.2419,Assault,05:57:16
Malviya Nagar,28.5369,77.21,Burglary,05:06:03
Connaught Place,28.6315,77.2167,Assault,08:24:23
Karol Bagh,28.6516,77.1904,Murder,05:46:14
Dwarka,28.5921,77.046,Rape,03:11:14
Vasant Kunj,28.5267,77.1559,Burglary,06:01:36
Dwarka,28.5921,77.046,Chain Snatching,20:02:23
Patel Nagar,28.6517,77.1784,Pick Pocketing,05:16:01
Malviya Nagar,28.5369,77.21,Chain Snatching,00:43:26
Rajouri Garden,28.6411,77.1235,Assault,02:35:40
Greater Kailash,28.5487,77.2419,Theft,23:02:20
Greater Kailash,28.5487,77.2419,Theft,12:15:16
Malviya Nagar,28.5369,77.21,Assault,16:12:55
Shahdara,28.677,77.289,Assault,11:26:10
Janakpuri,28.6216,77.0902,Murder,18:16:14
Greater Kailash,28.5487,77.2419,Theft,08:34:12
Shahdara,28.677,77.289,Chain Snatching,21:58:35
Janakpuri,28.6216,77.0902,Robbery,23:02:11
Janakpuri,28.6216,77.0902,Pick Pocketing,11:07:34
Karol Bagh,28.6516,77.1904,Pick Pocketing,09:16:19
Lajpat Nagar,28.5687,77.243,Rape,02:04:48
Malviya Nagar,28.5369,77.21,Pick Pocketing,10:00:29
Seelampur,28.6848,77.2775,Burglary,02:19:45
Janakpuri,28.6216,77.0902,Chain Snatching,00:59:36
Preet Vihar,28.6367,77.2956,Murder,10:22:46
Okhla,28.5243,77.2773,Assault,22:08:56
Janakpuri,28.6216,77.0902,Burglary,10:20:46
Malviya Nagar,28.5369,77.21,Rape,23:48:17
Vasant Kunj,28.5267,77.1559,Theft,07:54:23
Okhla,28.5243,77.2773,Assault,13:26:51
Rohini,28.7499,77.0565,Assault,03:27:27
Dwarka,28.5921,77.046,Rape,15:59:36
Rohini,28.7499,77.0565,Pick Pocketing,17:40:03
Janakpuri,28.6216,77.0902,Pick Pocketing,21:35:24
Patel Nagar,28.6517,77.1784,Burglary,14:11:07
Vasant Kunj,28.5267,77.1559,Burglary,19:45:16
Vasant Kunj,28.5267,77.1559,Theft,00:44:02
Saket,28.5245,77.2066,Pick Pocketing,17:01:36
Seelampur,28.6848,77.2775,Theft,20:45:29
Malviya Nagar,28.5369,77.21,Rape,04:54:43
Connaught Place,28.6315,77.2167,Pick Pocketing,11:26:30
Tilak Nagar,28.6353,77.0873,Theft,00:07:16
Preet Vihar,28.6367,77.2956,Murder,15:47:17
Rajouri Garden,28.6411,77.1235,Theft,17:46:36
Tilak Nagar,28.6353,77.0873,Rape,07:33:05
Preet Vihar,28.6367,77.2956,Robbery,10:39:09
Seelampur,28.6848,77.2775,Burglary,22:47:27
Preet Vihar,28.6367,77.2956,Burglary,06:09:14
Okhla,28.5243,77.2773,Assault,06:46:29
Karol Bagh,28.6516,77.1904,Pick Pocketing,07:00:23
Model Town,28.709,77.1896,Chain Snatching,20:18:46
Karol Bagh,28.6516,77.1904,Assault,01:15:08
Shahdara,28.677,77.289,Robbery,21:54:53
Connaught Place,28.6315,77.2167,Robbery,15:07:26
Malviya Nagar,28.5369,77.21,Assault,10:34:30
Vasant Kunj,28.5267,77.1559,Pick Pocketing,14:41:38
Lajpat Nagar,28.5687,77.243,Theft,00:42:52
Greater Kailash,28.5487,77.2419,Assault,09:08:47
Preet Vihar,28.6367,77.2956,Robbery,22:57:14
Tilak Nagar,28.6353,77.0873,Assault,04:57:58
Greater Kailash,28.5487,77.2419,Theft,03:33:39
Okhla,28.5243,77.2773,Chain Snatching,12:48:33
Seelampur,28.6848,77.2775,Robbery,23:24:31
Lajpat Nagar,28.5687,77.243,Assault,05:21:50
Rohini,28.7499,77.0565,Murder,21:23:49
Malviya Nagar,28.5369,77.21,Robbery,08:45:10
Okhla,28.5243,77.2773,Theft,08:14:14
Greater Kailash,28.5487,77.2419,Chain Snatching,00:08:50
Rajouri Garden,28.6411,77.1235,Robbery,04:28:57
Vasant Kunj,28.5267,77.1559,Pick Pocketing,09:52:31
Karol Bagh,28.6516,77.1904,Rape,21:18:09
Seelampur,28.6848,77.2775,Murder,20:13:39
Okhla,28.5243,77.2773,Chain Snatching,21:33:33
Karol Bagh,28.6516,77.1904,Murder,15:16:45
Kalkaji,28.536,77.2619,Chain Snatching,16:51:44
Kalkaji,28.536,77.2619,Rape,02:20:05
Seelampur,28.6848,77.2775,Pick Pocketing,00:36:00
Model Town,28.709,77.1896,Murder,22:08:08
Dwarka,28.5921,77.046,Murder,01:38:00
Kalkaji,28.536,77.2619,Burglary,20:47:30
Seelampur,28.6848,77.2775,Murder,14:27:09
Nehru Place,28.5494,77.251,Assault,14:20:06
Vasant Kunj,28.5267,77.1559,Chain Snatching,23:21:52
Connaught Place,28.6315,77.2167,Murder,07:31:41
Karol Bagh,28.6516,77.1904,Pick Pocketing,10:52:33
Shahdara,28.677,77.289,Murder,00:47:39
Patel Nagar,28.6517,77.1784,Theft,23:41:45
Tilak Nagar,28.6353,77.0873,Robbery,04:36:00
Seelampur,28.6848,77.2775,Theft,16:26:34
Malviya Nagar,28.5369,77.21,Murder,19:17:09
Saket,28.5245,77.2066,Assault,11:48:31
Tilak Nagar,28.6353,77.0873,Theft,19:47:55
Kalkaji,28.536,77.2619,Murder,05:21:37
Seelampur,28.6848,77.2775,Theft,05:01:07
Patel Nagar,28.6517,77.1784,Robbery,10:49:42
Rajouri Garden,28.6411,77.1235,Pick Pocketing,01:24:16
Nehru Place,28.5494,77.251,Robbery,13:50:01
Lajpat Nagar,28.5687,77.243,Rape,02:19:50
Rajouri Garden,28.6411,77.1235,Pick Pocketing,02:24:33
Connaught Place,28.6315,77.2167,Theft,14:59:54
Lajpat Nagar,28.5687,77.243,Assault,07:49:27
Preet Vihar,28.6367,77.2956,Pick Pocketing,00:44:45
Seelampur,28.6848,77.2775,Burglary,20:56:49
Patel Nagar,28.6517,77.1784,Robbery,10:48:43
Karol Bagh,28.6516,77.1904,Pick Pocketing,22:52:26
Nehru Place,28.5494,77.251,Rape,22:26:23
Rajouri Garden,28.6411,77.1235,Assault,07:59:57
Nehru Place,28.5494,77.251,Pick Pocketing,17:03:08
Model Town,28.709,77.1896,Theft,20:22:49
Vasant Kunj,28.5267,77.1559,Chain Snatching,17:58:37
Preet Vihar,28.6367,77.2956,Theft,20:57:03
Shahdara,28.677,77.289,Chain Snatching,22:44:58
Vasant Kunj,28.5267,77.1559,Burglary,18:06:31
Seelampur,28.6848,77.2775,Chain Snatching,09:18:15
Rajouri Garden,28.6411,77.1235,Pick Pocketing,23:11:25
Kalkaji,28.536,77.2619,Robbery,12:07:06
Dwarka,28.5921,77.046,Pick Pocketing,00:50:04
Karol Bagh,28.6516,77.1904,Murder,12:12:24
Nehru Place,28.5494,77.251,Burglary,17:06:01
Dwarka,28.5921,77.046,Murder,23:19:55
Vasant Kunj,28.5267,77.1559,Pick Pocketing,17:49:39
Greater Kailash,28.5487,77.2419,Robbery,04:22:15
Karol Bagh,28.6516,77.1904,Robbery,23:14:37
Model Town,28.709,77.1896,Assault,13:32:32
Rajouri Garden,28.6411,77.1235,Murder,15:45:01
Kalkaji,28.536,77.2619,Pick Pocketing,00:01:12
Seelampur,28.6848,77.2775,Assault,03:20:57
Connaught Place,28.6315,77.2167,Assault,17:08:12
Janakpuri,28.6216,77.0902,Robbery,07:45:35
Karol Bagh,28.6516,77.1904,Pick Pocketing,17:38:10
Karol Bagh,28.6516,77.1904,Chain Snatching,03:41:53
Nehru Place,28.5494,77.251,Assault,21:43:34
Lajpat Nagar,28.5687,77.243,Burglary,21:33:47
Malviya Nagar,28.5369,77.21,Robbery,14:05:39
Preet Vihar,28.6367,77.2956,Assault,05:51:42
Okhla,28.5243,77.2773,Chain Snatching,16:09:19
Tilak Nagar,28.6353,77.0873,Chain Snatching,01:46:25
Rajouri Garden,28.6411,77.1235,Assault,09:13:11
Patel Nagar,28.6517,77.1784,Murder,13:32:30
Karol Bagh,28.6516,77.1904,Chain Snatching,03:13:04
Janakpuri,28.6216,77.0902,Burglary,18:05:24
Janakpuri,28.6216,77.0902,Pick Pocketing,11:04:27
Shahdara,28.677,77.289,Assault,19:07:13
Saket,28.5245,77.2066,Rape,10:58:49
Kalkaji,28.536,77.2619,Pick Pocketing,13:04:26
Shahdara,28.677,77.289,Pick Pocketing,22:55:52
Seelampur,28.6848,77.2775,Assault,10:11:17
Saket,28.5245,77.2066,Chain Snatching,00:07:09
Shahdara,28.677,77.289,Murder,21:17:42
Okhla,28.5243,77.2773,Theft,17:12:52
Saket,28.5245,77.2066,Theft,23:54:38
Kalkaji,28.536,77.2619,Chain Snatching,12:32:04
Tilak Nagar,28.6353,77.0873,Robbery,10:44:24
Lajpat Nagar,28.5687,77.243,Theft,11:38:36
Greater Kailash,28.5487,77.2419,Burglary,02:11:30
Seelampur,28.6848,77.2775,Pick Pocketing,18:07:31
Tilak Nagar,28.6353,77.0873,Pick Pocketing,20:07:59
Saket,28.5245,77.2066,Murder,18:49:28
Nehru Place,28.5494,77.251,Pick Pocketing,16:28:53
Rohini,28.7499,77.0565,Chain Snatching,14:28:03
Saket,28.5245,77.2066,Robbery,09:34:59
Malviya Nagar,28.5369,77.21,Chain Snatching,12:37:17
Janakpuri,28.6216,77.0902,Murder,15:18:58
Model Town,28.709,77.1896,Robbery,00:29:02
Model Town,28.709,77.1896,Theft,20:33:22
Greater Kailash,28.5487,77.2419,Pick Pocketing,13:51:11
Model Town,28.709,77.1896,Theft,01:27:15
Janakpuri,28.6216,77.0902,Pick Pocketing,23:56:40
Tilak Nagar,28.6353,77.0873,Chain Snatching,07:51:16
Malviya Nagar,28.5369,77.21,Robbery,16:00:00
Seelampur,28.6848,77.2775,Burglary,08:04:19
Kalkaji,28.536,77.2619,Rape,09:21:24
Karol Bagh,28.6516,77.1904,Rape,08:41:26
Lajpat Nagar,28.5687,77.243,Murder,14:22:37
Vasant Kunj,28.5267,77.1559,Theft,14:19:32
Vasant Kunj,28.5267,77.1559,Rape,09:51:42
Nehru Place,28.5494,77.251,Robbery,19:30:49
Karol Bagh,28.6516,77.1904,Burglary,22:12:22
Lajpat Nagar,28.5687,77.243,Theft,10:06:52
Shahdara,28.677,77.289,Chain Snatching,21:00:27
Rohini,28.7499,77.0565,Robbery,02:03:03
Connaught Place,28.6315,77.2167,Burglary,23:08:50
Patel Nagar,28.6517,77.1784,Pick Pocketing,04:23:33
Tilak Nagar,28.6353,77.0873,Assault,17:17:54
Karol Bagh,28.6516,77.1904,Murder,17:43:41
Tilak Nagar,28.6353,77.0873,Chain Snatching,01:13:44
Tilak Nagar,28.6353,77.0873,Burglary,15:26:33
Dwarka,28.5921,77.046,Chain Snatching,17:01:31
Patel Nagar,28.6517,77.1784,Theft,04:14:44
Nehru Place,28.5494,77.251,Murder,02:43:08
Dwarka,28.5921,77.046,Chain Snatching,12:34:00
Okhla,28.5243,77.2773,Pick Pocketing,13:53:47
Seelampur,28.6848,77.2775,Murder,06:11:24
Janakpuri,28.6216,77.0902,Assault,07:04:22
Patel Nagar,28.6517,77.1784,Chain Snatching,02:31:19
Seelampur,28.6848,77.2775,Rape,11:04:23
Lajpat Nagar,28.5687,77.243,Assault,14:15:57
Okhla,28.5243,77.2773,Pick Pocketing,15:28:49
Janakpuri,28.6216,77.0902,Rape,11:28:54
Saket,28.5245,77.2066,Pick Pocketing,22:19:39
Seelampur,28.6848,77.2775,Chain Snatching,19:30:00
Dwarka,28.5921,77.046,Robbery,08:07:25
Patel Nagar,28.6517,77.1784,Rape,13:55:45
Greater Kailash,28.5487,77.2419,Pick Pocketing,02:11:56
Model Town,28.709,77.1896,Theft,01:53:24
Patel Nagar,28.6517,77.1784,Theft,00:03:33
Malviya Nagar,28.5369,77.21,Robbery,11:41:54
Malviya Nagar,28.5369,77.21,Rape,10:49:11
Vasant Kunj,28.5267,77.1559,Burglary,04:42:17
Okhla,28.5243,77.2773,Burglary,21:05:00
Rajouri Garden,28.6411,77.1235,Assault,23:13:52
Rajouri Garden,28.6411,77.1235,Chain Snatching,14:27:04
Rajouri Garden,28.6411,77.1235,Pick Pocketing,01:59:47
Dwarka,28.5921,77.046,Theft,11:40:37
Connaught Place,28.6315,77.2167,Pick Pocketing,07:21:59
Lajpat Nagar,28.5687,77.243,Rape,03:19:14
Malviya Nagar,28.5369,77.21,Burglary,06:33:22
Saket,28.5245,77.2066,Rape,23:00:01
Tilak Nagar,28.6353,77.0873,Robbery,14:36:48
Dwarka,28.5921,77.046,Rape,20:31:20
Dwarka,28.5921,77.046,Chain Snatching,00:35:28
Rohini,28.7499,77.0565,Rape,17:07:23
Seelampur,28.6848,77.2775,Robbery,09:35:38
Nehru Place,28.5494,77.251,Burglary,09:58:35
Greater Kailash,28.5487,77.2419,Chain Snatching,06:20:24
Tilak Nagar,28.6353,77.0873,Rape,15:35:00
Malviya Nagar,28.5369,77.21,Murder,22:56:58
Greater Kailash,28.5487,77.2419,Pick Pocketing,19:18:47
Malviya Nagar,28.5369,77.21,Burglary,01:56:50
Patel Nagar,28.6517,77.1784,Burglary,19:29:33
Rohini,28.7499,77.0565,Rape,01:33:41
Karol Bagh,28.6516,77.1904,Theft,05:37:39
Connaught Place,28.6315,77.2167,Rape,07:03:09
Janakpuri,28.6216,77.0902,Murder,17:18:39
Model Town,28.709,77.1896,Pick Pocketing,23:21:47
Tilak Nagar,28.6353,77.0873,Theft,14:02:25
Okhla,28.5243,77.2773,Chain Snatching,08:47:00
Preet Vihar,28.6367,77.2956,Chain Snatching,15:54:03
Rajouri Garden,28.6411,77.1235,Rape,12:14:05
Lajpat Nagar,28.5687,77.243,Assault,18:05:58
Karol Bagh,28.6516,77.1904,Robbery,20:13:21
Dwarka,28.5921,77.046,Robbery,17:55:32
Janakpuri,28.6216,77.0902,Rape,22:06:20
Model Town,28.709,77.1896,Pick Pocketing,02:41:56
Seelampur,28.6848,77.2775,Pick Pocketing,11:30:51
Lajpat Nagar,28.5687,77.243,Burglary,13:15:56
Rohini,28.7499,77.0565,Assault,13:11:55
Nehru Place,28.5494,77.251,Robbery,00:54:27
Malviya Nagar,28.5369,77.21,Pick Pocketing,23:09:41
Tilak Nagar,28.6353,77.0873,Rape,02:28:56
Okhla,28.5243,77.2773,Burglary,12:44:47
Lajpat Nagar,28.5687,77.243,Chain Snatching,16:02:20
Kalkaji,28.536,77.2619,Chain Snatching,06:29:48
Okhla,28.5243,77.2773,Rape,11:27:20
Malviya Nagar,28.5369,77.21,Pick Pocketing,03:03:27
Seelampur,28.6848,77.2775,Pick Pocketing,15:47:39
Greater Kailash,28.5487,77.2419,Burglary,14:16:14
Karol Bagh,28.6516,77.1904,Murder,06:41:22
Janakpuri,28.6216,77.0902,Robbery,13:17:27
Model Town,28.709,77.1896,Rape,03:28:24
Preet Vihar,28.6367,77.2956,Pick Pocketing,20:28:56
Tilak Nagar,28.6353,77.0873,Pick Pocketing,14:45:51
Lajpat Nagar,28.5687,77.243,Theft,23:01:25
Nehru Place,28.5494,77.251,Murder,12:24:41
Saket,28.5245,77.2066,Rape,21:21:47
Vasant Kunj,28.5267,77.1559,Assault,16:09:51
Karol Bagh,28.6516,77.1904,Burglary,04:27:06
Tilak Nagar,28.6353,77.0873,Theft,04:33:09
Okhla,28.5243,77.2773,Robbery,09:42:46
Greater Kailash,28.5487,77.2419,Murder,18:55:18
Rajouri Garden,28.6411,77.1235,Rape,22:50:04
Shahdara,28.677,77.289,Chain Snatching,19:40:45
Seelampur,28.6848,77.2775,Murder,22:29:58
Kalkaji,28.536,77.2619,Chain Snatching,23:03:57
Karol Bagh,28.6516,77.1904,Assault,03:55:37
Dwarka,28.5921,77.046,Burglary,21:01:48
Model Town,28.709,77.1896,Assault,04:19:54
Greater Kailash,28.5487,77.2419,Chain Snatching,21:02:34
Connaught Place,28.6315,77.2167,Burglary,10:40:03
Connaught Place,28.6315,77.2167,Assault,13:01:02
Nehru Place,28.5494,77.251,Robbery,09:31:58
Okhla,28.5243,77.2773,Murder,03:26:58
Greater Kailash,28.5487,77.2419,Pick Pocketing,04:44:30
Lajpat Nagar,28.5687,77.243,Assault,01:22:14
Connaught Place,28.6315,77.2167,Theft,00:54:47
Dwarka,28.5921,77.046,Assault,20:05:54
Connaught Place,28.6315,77.2167,Assault,01:37:44
Seelampur,28.6848,77.2775,Pick Pocketing,20:25:45
Greater Kailash,28.5487,77.2419,Rape,03:55:29
Karol Bagh,28.6516,77.1904,Murder,15:57:29
Karol Bagh,28.6516,77.1904,Burglary,16:14:12
Saket,28.5245,77.2066,Murder,16:29:49
Nehru Place,28.5494,77.251,Chain Snatching,11:12:22
Model Town,28.709,77.1896,Burglary,03:57:48
Okhla,28.5243,77.2773,Assault,17:41:46
Nehru Place,28.5494,77.251,Robbery,01:03:35
Model Town,28.709,77.1896,Theft,17:26:21
Janakpuri,28.6216,77.0902,Burglary,06:58:06
Model Town,28.709,77.1896,Rape,12:48:14
Okhla,28.5243,77.2773,Chain Snatching,23:40:17
Patel Nagar,28.6517,77.1784,Chain Snatching,01:53:15
Connaught Place,28.6315,77.2167,Theft,10:16:06
Greater Kailash,28.5487,77.2419,Burglary,00:46:03
Dwarka,28.5921,77.046,Chain Snatching,00:11:27
Kalkaji,28.536,77.2619,Robbery,04:35:58
Rohini,28.7499,77.0565,Pick Pocketing,17:55:01
Lajpat Nagar,28.5687,77.243,Theft,10:10:14
Vasant Kunj,28.5267,77.1559,Robbery,23:02:03
Saket,28.5245,77.2066,Theft,23:37:31
Shahdara,28.677,77.289,Rape,11:26:51
Patel Nagar,28.6517,77.1784,Rape,14:07:14
Kalkaji,28.536,77.2619,Burglary,12:40:18
Seelampur,28.6848,77.2775,Chain Snatching,06:53:10
Janakpuri,28.6216,77.0902,Robbery,12:55:27
Dwarka,28.5921,77.046,Chain Snatching,06:18:56
Seelampur,28.6848,77.2775,Theft,11:02:20
Vasant Kunj,28.5267,77.1559,Rape,19:36:56
Okhla,28.5243,77.2773,Murder,10:46:31
Lajpat Nagar,28.5687,77.243,Robbery,13:06:13
Dwarka,28.5921,77.046,Rape,14:53:46
Malviya Nagar,28.5369,77.21,Rape,09:05:05
Rajouri Garden,28.6411,77.1235,Theft,09:33:48
Saket,28.5245,77.2066,Pick Pocketing,22:32:23
Greater Kailash,28.5487,77.2419,Burglary,06:15:13
Dwarka,28.5921,77.046,Robbery,12:23:05
Okhla,28.5243,77.2773,Murder,00:45:40
Preet Vihar,28.6367,77.2956,Rape,18:52:20
Greater Kailash,28.5487,77.2419,Murder,11:20:15
Okhla,28.5243,77.2773,Murder,11:34:38
Connaught Place,28.6315,77.2167,Rape,08:08:01
Vasant Kunj,28.5267,77.1559,Burglary,19:05:58
Patel Nagar,28.6517,77.1784,Robbery,09:02:18
Karol Bagh,28.6516,77.1904,Theft,10:45:46
Vasant Kunj,28.5267,77.1559,Burglary,04:25:12
Greater Kailash,28.5487,77.2419,Theft,19:23:14
Rajouri Garden,28.6411,77.1235,Rape,13:44:00
Saket,28.5245,77.2066,Pick Pocketing,10:39:05
Karol Bagh,28.6516,77.1904,Theft,08:48:52
Saket,28.5245,77.2066,Theft,15:10:03
Patel Nagar,28.6517,77.1784,Rape,14:17:30
Vasant Kunj,28.5267,77.1559,Rape,02:53:29
Saket,28.5245,77.2066,Rape,00:31:13
Saket,28.5245,77.2066,Murder,19:44:39
Connaught Place,28.6315,77.2167,Pick Pocketing,17:19:24
Seelampur,28.6848,77.2775,Theft,02:18:14
Vasant Kunj,28.5267,77.1559,Burglary,21:40:02
Patel Nagar,28.6517,77.1784,Theft,05:13:57
Malviya Nagar,28.5369,77.21,Rape,20:00:58
Okhla,28.5243,77.2773,Pick Pocketing,17:43:20
Shahdara,28.677,77.289,Theft,07:36:03
Karol Bagh,28.6516,77.1904,Murder,23:24:36
Saket,28.5245,77.2066,Murder,08:25:27
Lajpat Nagar,28.5687,77.243,Rape,05:10:32
Rohini,28.7499,77.0565,Chain Snatching,04:18:45
Okhla,28.5243,77.2773,Robbery,11:29:00
Okhla,28.5243,77.2773,Murder,22:53:13
Preet Vihar,28.6367,77.2956,Burglary,22:08:12
Lajpat Nagar,28.5687,77.243,Chain Snatching,10:22:27
Lajpat Nagar,28.5687,77.243,Chain Snatching,00:06:39
Kalkaji,28.536,77.2619,Rape,19:05:16
Connaught Place,28.6315,77.2167,Chain Snatching,07:26:33
Patel Nagar,28.6517,77.1784,Burglary,23:38:01
Dwarka,28.5921,77.046,Assault,23:22:39
Model Town,28.709,77.1896,Murder,12:36:25
Dwarka,28.5921,77.046,Theft,11:14:57
Tilak Nagar,28.6353,77.0873,Pick Pocketing,03:19:04
Model Town,28.709,77.1896,Pick Pocketing,21:03:22
Patel Nagar,28.6517,77.1784,Theft,21:12:47
Kalkaji,28.536,77.2619,Chain Snatching,08:25:31
